signature,file,startline,startcol,endline,endcol,properties
Landroid/nfc/CustomFeatureFlags;->enableCardEmulationEuicc()Z,out/soong/.intermediates/frameworks/base/android.nfc.flags-aconfig-java/android_common_apex36/javac/srcjars/android/nfc/CustomFeatureFlags.java,21,5,21,25,
Landroid/nfc/CustomFeatureFlags;->enableNfcCharging()Z,out/soong/.intermediates/frameworks/base/android.nfc.flags-aconfig-java/android_common_apex36/javac/srcjars/android/nfc/CustomFeatureFlags.java,28,5,28,25,
Landroid/nfc/CustomFeatureFlags;->enableNfcMainline()Z,out/soong/.intermediates/frameworks/base/android.nfc.flags-aconfig-java/android_common_apex36/javac/srcjars/android/nfc/CustomFeatureFlags.java,35,5,35,25,
Landroid/nfc/CustomFeatureFlags;->enableNfcReaderOption()Z,out/soong/.intermediates/frameworks/base/android.nfc.flags-aconfig-java/android_common_apex36/javac/srcjars/android/nfc/CustomFeatureFlags.java,42,5,42,25,
Landroid/nfc/CustomFeatureFlags;->enableNfcSetDiscoveryTech()Z,out/soong/.intermediates/frameworks/base/android.nfc.flags-aconfig-java/android_common_apex36/javac/srcjars/android/nfc/CustomFeatureFlags.java,49,5,49,25,
Landroid/nfc/CustomFeatureFlags;->enableNfcUserRestriction()Z,out/soong/.intermediates/frameworks/base/android.nfc.flags-aconfig-java/android_common_apex36/javac/srcjars/android/nfc/CustomFeatureFlags.java,56,5,56,25,
Landroid/nfc/CustomFeatureFlags;->enableTagDetectionBroadcasts()Z,out/soong/.intermediates/frameworks/base/android.nfc.flags-aconfig-java/android_common_apex36/javac/srcjars/android/nfc/CustomFeatureFlags.java,63,5,63,25,
Landroid/nfc/CustomFeatureFlags;->nfcActionManageServicesSettings()Z,out/soong/.intermediates/frameworks/base/android.nfc.flags-aconfig-java/android_common_apex36/javac/srcjars/android/nfc/CustomFeatureFlags.java,70,5,70,25,
Landroid/nfc/CustomFeatureFlags;->nfcApduServiceInfoConstructor()Z,out/soong/.intermediates/frameworks/base/android.nfc.flags-aconfig-java/android_common_apex36/javac/srcjars/android/nfc/CustomFeatureFlags.java,77,5,77,25,
Landroid/nfc/CustomFeatureFlags;->nfcAssociatedRoleServices()Z,out/soong/.intermediates/frameworks/base/android.nfc.flags-aconfig-java/android_common_apex36/javac/srcjars/android/nfc/CustomFeatureFlags.java,84,5,84,25,
Landroid/nfc/CustomFeatureFlags;->nfcCheckTagIntentPreference()Z,out/soong/.intermediates/frameworks/base/android.nfc.flags-aconfig-java/android_common_apex36/javac/srcjars/android/nfc/CustomFeatureFlags.java,91,5,91,25,
Landroid/nfc/CustomFeatureFlags;->nfcEventListener()Z,out/soong/.intermediates/frameworks/base/android.nfc.flags-aconfig-java/android_common_apex36/javac/srcjars/android/nfc/CustomFeatureFlags.java,98,5,98,25,
Landroid/nfc/CustomFeatureFlags;->nfcObserveMode()Z,out/soong/.intermediates/frameworks/base/android.nfc.flags-aconfig-java/android_common_apex36/javac/srcjars/android/nfc/CustomFeatureFlags.java,105,5,105,25,
Landroid/nfc/CustomFeatureFlags;->nfcObserveModeStShim()Z,out/soong/.intermediates/frameworks/base/android.nfc.flags-aconfig-java/android_common_apex36/javac/srcjars/android/nfc/CustomFeatureFlags.java,112,5,112,25,
Landroid/nfc/CustomFeatureFlags;->nfcOemExtension()Z,out/soong/.intermediates/frameworks/base/android.nfc.flags-aconfig-java/android_common_apex36/javac/srcjars/android/nfc/CustomFeatureFlags.java,119,5,119,25,
Landroid/nfc/CustomFeatureFlags;->nfcOverrideRecoverRoutingTable()Z,out/soong/.intermediates/frameworks/base/android.nfc.flags-aconfig-java/android_common_apex36/javac/srcjars/android/nfc/CustomFeatureFlags.java,126,5,126,25,
Landroid/nfc/CustomFeatureFlags;->nfcPersistLog()Z,out/soong/.intermediates/frameworks/base/android.nfc.flags-aconfig-java/android_common_apex36/javac/srcjars/android/nfc/CustomFeatureFlags.java,133,5,133,25,
Landroid/nfc/CustomFeatureFlags;->nfcReadPollingLoop()Z,out/soong/.intermediates/frameworks/base/android.nfc.flags-aconfig-java/android_common_apex36/javac/srcjars/android/nfc/CustomFeatureFlags.java,140,5,140,25,
Landroid/nfc/CustomFeatureFlags;->nfcReadPollingLoopStShim()Z,out/soong/.intermediates/frameworks/base/android.nfc.flags-aconfig-java/android_common_apex36/javac/srcjars/android/nfc/CustomFeatureFlags.java,147,5,147,25,
Landroid/nfc/CustomFeatureFlags;->nfcSetDefaultDiscTech()Z,out/soong/.intermediates/frameworks/base/android.nfc.flags-aconfig-java/android_common_apex36/javac/srcjars/android/nfc/CustomFeatureFlags.java,154,5,154,25,
Landroid/nfc/CustomFeatureFlags;->nfcSetServiceEnabledForCategoryOther()Z,out/soong/.intermediates/frameworks/base/android.nfc.flags-aconfig-java/android_common_apex36/javac/srcjars/android/nfc/CustomFeatureFlags.java,161,5,161,25,
Landroid/nfc/CustomFeatureFlags;->nfcStateChange()Z,out/soong/.intermediates/frameworks/base/android.nfc.flags-aconfig-java/android_common_apex36/javac/srcjars/android/nfc/CustomFeatureFlags.java,168,5,168,25,
Landroid/nfc/CustomFeatureFlags;->nfcStateChangeSecurityLogEventEnabled()Z,out/soong/.intermediates/frameworks/base/android.nfc.flags-aconfig-java/android_common_apex36/javac/srcjars/android/nfc/CustomFeatureFlags.java,175,5,175,25,
Landroid/nfc/CustomFeatureFlags;->nfcVendorCmd()Z,out/soong/.intermediates/frameworks/base/android.nfc.flags-aconfig-java/android_common_apex36/javac/srcjars/android/nfc/CustomFeatureFlags.java,182,5,182,25,
Landroid/nfc/CustomFeatureFlags;->nfcWatchdog()Z,out/soong/.intermediates/frameworks/base/android.nfc.flags-aconfig-java/android_common_apex36/javac/srcjars/android/nfc/CustomFeatureFlags.java,189,5,189,25,
Landroid/nfc/ErrorCodes;->isError(I)Z,packages/modules/Nfc/framework/java/android/nfc/ErrorCodes.java,30,5,30,25,
Landroid/nfc/FeatureFlags;->enableCardEmulationEuicc()Z,out/soong/.intermediates/frameworks/base/android.nfc.flags-aconfig-java/android_common_apex36/javac/srcjars/android/nfc/FeatureFlags.java,9,5,9,25,
Landroid/nfc/FeatureFlags;->enableNfcCharging()Z,out/soong/.intermediates/frameworks/base/android.nfc.flags-aconfig-java/android_common_apex36/javac/srcjars/android/nfc/FeatureFlags.java,13,5,13,25,
Landroid/nfc/FeatureFlags;->enableNfcMainline()Z,out/soong/.intermediates/frameworks/base/android.nfc.flags-aconfig-java/android_common_apex36/javac/srcjars/android/nfc/FeatureFlags.java,17,5,17,25,
Landroid/nfc/FeatureFlags;->enableNfcReaderOption()Z,out/soong/.intermediates/frameworks/base/android.nfc.flags-aconfig-java/android_common_apex36/javac/srcjars/android/nfc/FeatureFlags.java,21,5,21,25,
Landroid/nfc/FeatureFlags;->enableNfcSetDiscoveryTech()Z,out/soong/.intermediates/frameworks/base/android.nfc.flags-aconfig-java/android_common_apex36/javac/srcjars/android/nfc/FeatureFlags.java,25,5,25,25,
Landroid/nfc/FeatureFlags;->enableNfcUserRestriction()Z,out/soong/.intermediates/frameworks/base/android.nfc.flags-aconfig-java/android_common_apex36/javac/srcjars/android/nfc/FeatureFlags.java,29,5,29,25,
Landroid/nfc/FeatureFlags;->enableTagDetectionBroadcasts()Z,out/soong/.intermediates/frameworks/base/android.nfc.flags-aconfig-java/android_common_apex36/javac/srcjars/android/nfc/FeatureFlags.java,33,5,33,25,
Landroid/nfc/FeatureFlags;->nfcActionManageServicesSettings()Z,out/soong/.intermediates/frameworks/base/android.nfc.flags-aconfig-java/android_common_apex36/javac/srcjars/android/nfc/FeatureFlags.java,37,5,37,25,
Landroid/nfc/FeatureFlags;->nfcApduServiceInfoConstructor()Z,out/soong/.intermediates/frameworks/base/android.nfc.flags-aconfig-java/android_common_apex36/javac/srcjars/android/nfc/FeatureFlags.java,41,5,41,25,
Landroid/nfc/FeatureFlags;->nfcAssociatedRoleServices()Z,out/soong/.intermediates/frameworks/base/android.nfc.flags-aconfig-java/android_common_apex36/javac/srcjars/android/nfc/FeatureFlags.java,45,5,45,25,
Landroid/nfc/FeatureFlags;->nfcCheckTagIntentPreference()Z,out/soong/.intermediates/frameworks/base/android.nfc.flags-aconfig-java/android_common_apex36/javac/srcjars/android/nfc/FeatureFlags.java,49,5,49,25,
Landroid/nfc/FeatureFlags;->nfcEventListener()Z,out/soong/.intermediates/frameworks/base/android.nfc.flags-aconfig-java/android_common_apex36/javac/srcjars/android/nfc/FeatureFlags.java,53,5,53,25,
Landroid/nfc/FeatureFlags;->nfcObserveMode()Z,out/soong/.intermediates/frameworks/base/android.nfc.flags-aconfig-java/android_common_apex36/javac/srcjars/android/nfc/FeatureFlags.java,57,5,57,25,
Landroid/nfc/FeatureFlags;->nfcObserveModeStShim()Z,out/soong/.intermediates/frameworks/base/android.nfc.flags-aconfig-java/android_common_apex36/javac/srcjars/android/nfc/FeatureFlags.java,61,5,61,25,
Landroid/nfc/FeatureFlags;->nfcOemExtension()Z,out/soong/.intermediates/frameworks/base/android.nfc.flags-aconfig-java/android_common_apex36/javac/srcjars/android/nfc/FeatureFlags.java,65,5,65,25,
Landroid/nfc/FeatureFlags;->nfcOverrideRecoverRoutingTable()Z,out/soong/.intermediates/frameworks/base/android.nfc.flags-aconfig-java/android_common_apex36/javac/srcjars/android/nfc/FeatureFlags.java,69,5,69,25,
Landroid/nfc/FeatureFlags;->nfcPersistLog()Z,out/soong/.intermediates/frameworks/base/android.nfc.flags-aconfig-java/android_common_apex36/javac/srcjars/android/nfc/FeatureFlags.java,73,5,73,25,
Landroid/nfc/FeatureFlags;->nfcReadPollingLoop()Z,out/soong/.intermediates/frameworks/base/android.nfc.flags-aconfig-java/android_common_apex36/javac/srcjars/android/nfc/FeatureFlags.java,77,5,77,25,
Landroid/nfc/FeatureFlags;->nfcReadPollingLoopStShim()Z,out/soong/.intermediates/frameworks/base/android.nfc.flags-aconfig-java/android_common_apex36/javac/srcjars/android/nfc/FeatureFlags.java,81,5,81,25,
Landroid/nfc/FeatureFlags;->nfcSetDefaultDiscTech()Z,out/soong/.intermediates/frameworks/base/android.nfc.flags-aconfig-java/android_common_apex36/javac/srcjars/android/nfc/FeatureFlags.java,85,5,85,25,
Landroid/nfc/FeatureFlags;->nfcSetServiceEnabledForCategoryOther()Z,out/soong/.intermediates/frameworks/base/android.nfc.flags-aconfig-java/android_common_apex36/javac/srcjars/android/nfc/FeatureFlags.java,89,5,89,25,
Landroid/nfc/FeatureFlags;->nfcStateChange()Z,out/soong/.intermediates/frameworks/base/android.nfc.flags-aconfig-java/android_common_apex36/javac/srcjars/android/nfc/FeatureFlags.java,93,5,93,25,
Landroid/nfc/FeatureFlags;->nfcStateChangeSecurityLogEventEnabled()Z,out/soong/.intermediates/frameworks/base/android.nfc.flags-aconfig-java/android_common_apex36/javac/srcjars/android/nfc/FeatureFlags.java,97,5,97,25,
Landroid/nfc/FeatureFlags;->nfcVendorCmd()Z,out/soong/.intermediates/frameworks/base/android.nfc.flags-aconfig-java/android_common_apex36/javac/srcjars/android/nfc/FeatureFlags.java,101,5,101,25,
Landroid/nfc/FeatureFlags;->nfcWatchdog()Z,out/soong/.intermediates/frameworks/base/android.nfc.flags-aconfig-java/android_common_apex36/javac/srcjars/android/nfc/FeatureFlags.java,105,5,105,25,
Landroid/nfc/FeatureFlagsImpl;->enableCardEmulationEuicc()Z,out/soong/.intermediates/frameworks/base/android.nfc.flags-aconfig-java/android_common_apex36/javac/srcjars/android/nfc/FeatureFlagsImpl.java,8,5,8,25,
Landroid/nfc/FeatureFlagsImpl;->enableNfcCharging()Z,out/soong/.intermediates/frameworks/base/android.nfc.flags-aconfig-java/android_common_apex36/javac/srcjars/android/nfc/FeatureFlagsImpl.java,15,5,15,25,
Landroid/nfc/FeatureFlagsImpl;->enableNfcMainline()Z,out/soong/.intermediates/frameworks/base/android.nfc.flags-aconfig-java/android_common_apex36/javac/srcjars/android/nfc/FeatureFlagsImpl.java,22,5,22,25,
Landroid/nfc/FeatureFlagsImpl;->enableNfcReaderOption()Z,out/soong/.intermediates/frameworks/base/android.nfc.flags-aconfig-java/android_common_apex36/javac/srcjars/android/nfc/FeatureFlagsImpl.java,29,5,29,25,
Landroid/nfc/FeatureFlagsImpl;->enableNfcSetDiscoveryTech()Z,out/soong/.intermediates/frameworks/base/android.nfc.flags-aconfig-java/android_common_apex36/javac/srcjars/android/nfc/FeatureFlagsImpl.java,36,5,36,25,
Landroid/nfc/FeatureFlagsImpl;->enableNfcUserRestriction()Z,out/soong/.intermediates/frameworks/base/android.nfc.flags-aconfig-java/android_common_apex36/javac/srcjars/android/nfc/FeatureFlagsImpl.java,43,5,43,25,
Landroid/nfc/FeatureFlagsImpl;->enableTagDetectionBroadcasts()Z,out/soong/.intermediates/frameworks/base/android.nfc.flags-aconfig-java/android_common_apex36/javac/srcjars/android/nfc/FeatureFlagsImpl.java,50,5,50,25,
Landroid/nfc/FeatureFlagsImpl;->nfcActionManageServicesSettings()Z,out/soong/.intermediates/frameworks/base/android.nfc.flags-aconfig-java/android_common_apex36/javac/srcjars/android/nfc/FeatureFlagsImpl.java,57,5,57,25,
Landroid/nfc/FeatureFlagsImpl;->nfcApduServiceInfoConstructor()Z,out/soong/.intermediates/frameworks/base/android.nfc.flags-aconfig-java/android_common_apex36/javac/srcjars/android/nfc/FeatureFlagsImpl.java,64,5,64,25,
Landroid/nfc/FeatureFlagsImpl;->nfcAssociatedRoleServices()Z,out/soong/.intermediates/frameworks/base/android.nfc.flags-aconfig-java/android_common_apex36/javac/srcjars/android/nfc/FeatureFlagsImpl.java,71,5,71,25,
Landroid/nfc/FeatureFlagsImpl;->nfcCheckTagIntentPreference()Z,out/soong/.intermediates/frameworks/base/android.nfc.flags-aconfig-java/android_common_apex36/javac/srcjars/android/nfc/FeatureFlagsImpl.java,78,5,78,25,
Landroid/nfc/FeatureFlagsImpl;->nfcEventListener()Z,out/soong/.intermediates/frameworks/base/android.nfc.flags-aconfig-java/android_common_apex36/javac/srcjars/android/nfc/FeatureFlagsImpl.java,85,5,85,25,
Landroid/nfc/FeatureFlagsImpl;->nfcObserveMode()Z,out/soong/.intermediates/frameworks/base/android.nfc.flags-aconfig-java/android_common_apex36/javac/srcjars/android/nfc/FeatureFlagsImpl.java,92,5,92,25,
Landroid/nfc/FeatureFlagsImpl;->nfcObserveModeStShim()Z,out/soong/.intermediates/frameworks/base/android.nfc.flags-aconfig-java/android_common_apex36/javac/srcjars/android/nfc/FeatureFlagsImpl.java,99,5,99,25,
Landroid/nfc/FeatureFlagsImpl;->nfcOemExtension()Z,out/soong/.intermediates/frameworks/base/android.nfc.flags-aconfig-java/android_common_apex36/javac/srcjars/android/nfc/FeatureFlagsImpl.java,106,5,106,25,
Landroid/nfc/FeatureFlagsImpl;->nfcOverrideRecoverRoutingTable()Z,out/soong/.intermediates/frameworks/base/android.nfc.flags-aconfig-java/android_common_apex36/javac/srcjars/android/nfc/FeatureFlagsImpl.java,113,5,113,25,
Landroid/nfc/FeatureFlagsImpl;->nfcPersistLog()Z,out/soong/.intermediates/frameworks/base/android.nfc.flags-aconfig-java/android_common_apex36/javac/srcjars/android/nfc/FeatureFlagsImpl.java,120,5,120,25,
Landroid/nfc/FeatureFlagsImpl;->nfcReadPollingLoop()Z,out/soong/.intermediates/frameworks/base/android.nfc.flags-aconfig-java/android_common_apex36/javac/srcjars/android/nfc/FeatureFlagsImpl.java,127,5,127,25,
Landroid/nfc/FeatureFlagsImpl;->nfcReadPollingLoopStShim()Z,out/soong/.intermediates/frameworks/base/android.nfc.flags-aconfig-java/android_common_apex36/javac/srcjars/android/nfc/FeatureFlagsImpl.java,134,5,134,25,
Landroid/nfc/FeatureFlagsImpl;->nfcSetDefaultDiscTech()Z,out/soong/.intermediates/frameworks/base/android.nfc.flags-aconfig-java/android_common_apex36/javac/srcjars/android/nfc/FeatureFlagsImpl.java,141,5,141,25,
Landroid/nfc/FeatureFlagsImpl;->nfcSetServiceEnabledForCategoryOther()Z,out/soong/.intermediates/frameworks/base/android.nfc.flags-aconfig-java/android_common_apex36/javac/srcjars/android/nfc/FeatureFlagsImpl.java,148,5,148,25,
Landroid/nfc/FeatureFlagsImpl;->nfcStateChange()Z,out/soong/.intermediates/frameworks/base/android.nfc.flags-aconfig-java/android_common_apex36/javac/srcjars/android/nfc/FeatureFlagsImpl.java,155,5,155,25,
Landroid/nfc/FeatureFlagsImpl;->nfcStateChangeSecurityLogEventEnabled()Z,out/soong/.intermediates/frameworks/base/android.nfc.flags-aconfig-java/android_common_apex36/javac/srcjars/android/nfc/FeatureFlagsImpl.java,162,5,162,25,
Landroid/nfc/FeatureFlagsImpl;->nfcVendorCmd()Z,out/soong/.intermediates/frameworks/base/android.nfc.flags-aconfig-java/android_common_apex36/javac/srcjars/android/nfc/FeatureFlagsImpl.java,169,5,169,25,
Landroid/nfc/FeatureFlagsImpl;->nfcWatchdog()Z,out/soong/.intermediates/frameworks/base/android.nfc.flags-aconfig-java/android_common_apex36/javac/srcjars/android/nfc/FeatureFlagsImpl.java,176,5,176,25,
Landroid/nfc/Flags;->enableCardEmulationEuicc()Z,out/soong/.intermediates/frameworks/base/android.nfc.flags-aconfig-java/android_common_apex36/javac/srcjars/android/nfc/Flags.java,58,5,58,25,
Landroid/nfc/Flags;->enableNfcCharging()Z,out/soong/.intermediates/frameworks/base/android.nfc.flags-aconfig-java/android_common_apex36/javac/srcjars/android/nfc/Flags.java,64,5,64,25,
Landroid/nfc/Flags;->enableNfcMainline()Z,out/soong/.intermediates/frameworks/base/android.nfc.flags-aconfig-java/android_common_apex36/javac/srcjars/android/nfc/Flags.java,70,5,70,25,
Landroid/nfc/Flags;->enableNfcReaderOption()Z,out/soong/.intermediates/frameworks/base/android.nfc.flags-aconfig-java/android_common_apex36/javac/srcjars/android/nfc/Flags.java,76,5,76,25,
Landroid/nfc/Flags;->enableNfcSetDiscoveryTech()Z,out/soong/.intermediates/frameworks/base/android.nfc.flags-aconfig-java/android_common_apex36/javac/srcjars/android/nfc/Flags.java,82,5,82,25,
Landroid/nfc/Flags;->enableNfcUserRestriction()Z,out/soong/.intermediates/frameworks/base/android.nfc.flags-aconfig-java/android_common_apex36/javac/srcjars/android/nfc/Flags.java,88,5,88,25,
Landroid/nfc/Flags;->enableTagDetectionBroadcasts()Z,out/soong/.intermediates/frameworks/base/android.nfc.flags-aconfig-java/android_common_apex36/javac/srcjars/android/nfc/Flags.java,94,5,94,25,
Landroid/nfc/Flags;->nfcActionManageServicesSettings()Z,out/soong/.intermediates/frameworks/base/android.nfc.flags-aconfig-java/android_common_apex36/javac/srcjars/android/nfc/Flags.java,100,5,100,25,
Landroid/nfc/Flags;->nfcApduServiceInfoConstructor()Z,out/soong/.intermediates/frameworks/base/android.nfc.flags-aconfig-java/android_common_apex36/javac/srcjars/android/nfc/Flags.java,106,5,106,25,
Landroid/nfc/Flags;->nfcAssociatedRoleServices()Z,out/soong/.intermediates/frameworks/base/android.nfc.flags-aconfig-java/android_common_apex36/javac/srcjars/android/nfc/Flags.java,112,5,112,25,
Landroid/nfc/Flags;->nfcCheckTagIntentPreference()Z,out/soong/.intermediates/frameworks/base/android.nfc.flags-aconfig-java/android_common_apex36/javac/srcjars/android/nfc/Flags.java,118,5,118,25,
Landroid/nfc/Flags;->nfcEventListener()Z,out/soong/.intermediates/frameworks/base/android.nfc.flags-aconfig-java/android_common_apex36/javac/srcjars/android/nfc/Flags.java,124,5,124,25,
Landroid/nfc/Flags;->nfcObserveMode()Z,out/soong/.intermediates/frameworks/base/android.nfc.flags-aconfig-java/android_common_apex36/javac/srcjars/android/nfc/Flags.java,130,5,130,25,
Landroid/nfc/Flags;->nfcObserveModeStShim()Z,out/soong/.intermediates/frameworks/base/android.nfc.flags-aconfig-java/android_common_apex36/javac/srcjars/android/nfc/Flags.java,136,5,136,25,
Landroid/nfc/Flags;->nfcOemExtension()Z,out/soong/.intermediates/frameworks/base/android.nfc.flags-aconfig-java/android_common_apex36/javac/srcjars/android/nfc/Flags.java,142,5,142,25,
Landroid/nfc/Flags;->nfcOverrideRecoverRoutingTable()Z,out/soong/.intermediates/frameworks/base/android.nfc.flags-aconfig-java/android_common_apex36/javac/srcjars/android/nfc/Flags.java,148,5,148,25,
Landroid/nfc/Flags;->nfcPersistLog()Z,out/soong/.intermediates/frameworks/base/android.nfc.flags-aconfig-java/android_common_apex36/javac/srcjars/android/nfc/Flags.java,154,5,154,25,
Landroid/nfc/Flags;->nfcReadPollingLoop()Z,out/soong/.intermediates/frameworks/base/android.nfc.flags-aconfig-java/android_common_apex36/javac/srcjars/android/nfc/Flags.java,160,5,160,25,
Landroid/nfc/Flags;->nfcReadPollingLoopStShim()Z,out/soong/.intermediates/frameworks/base/android.nfc.flags-aconfig-java/android_common_apex36/javac/srcjars/android/nfc/Flags.java,166,5,166,25,
Landroid/nfc/Flags;->nfcSetDefaultDiscTech()Z,out/soong/.intermediates/frameworks/base/android.nfc.flags-aconfig-java/android_common_apex36/javac/srcjars/android/nfc/Flags.java,172,5,172,25,
Landroid/nfc/Flags;->nfcSetServiceEnabledForCategoryOther()Z,out/soong/.intermediates/frameworks/base/android.nfc.flags-aconfig-java/android_common_apex36/javac/srcjars/android/nfc/Flags.java,178,5,178,25,
Landroid/nfc/Flags;->nfcStateChange()Z,out/soong/.intermediates/frameworks/base/android.nfc.flags-aconfig-java/android_common_apex36/javac/srcjars/android/nfc/Flags.java,184,5,184,25,
Landroid/nfc/Flags;->nfcStateChangeSecurityLogEventEnabled()Z,out/soong/.intermediates/frameworks/base/android.nfc.flags-aconfig-java/android_common_apex36/javac/srcjars/android/nfc/Flags.java,190,5,190,25,
Landroid/nfc/Flags;->nfcVendorCmd()Z,out/soong/.intermediates/frameworks/base/android.nfc.flags-aconfig-java/android_common_apex36/javac/srcjars/android/nfc/Flags.java,196,5,196,25,
Landroid/nfc/Flags;->nfcWatchdog()Z,out/soong/.intermediates/frameworks/base/android.nfc.flags-aconfig-java/android_common_apex36/javac/srcjars/android/nfc/Flags.java,202,5,202,25,
Landroid/nfc/INfcAdapterExtras;->open(Ljava/lang/String;Landroid/os/IBinder;)Landroid/os/Bundle;,packages/modules/Nfc/framework/java/android/nfc/INfcAdapterExtras.aidl,26,1,26,69,maxTargetSdk=30&trackingBug=170729553L
Landroid/nfc/INfcAdapterExtras;->close(Ljava/lang/String;Landroid/os/IBinder;)Landroid/os/Bundle;,packages/modules/Nfc/framework/java/android/nfc/INfcAdapterExtras.aidl,28,1,28,69,maxTargetSdk=30&trackingBug=170729553L
Landroid/nfc/INfcAdapterExtras;->transceive(Ljava/lang/String;[B)Landroid/os/Bundle;,packages/modules/Nfc/framework/java/android/nfc/INfcAdapterExtras.aidl,30,1,30,69,maxTargetSdk=30&trackingBug=170729553L
Landroid/nfc/INfcAdapterExtras;->getCardEmulationRoute(Ljava/lang/String;)I,packages/modules/Nfc/framework/java/android/nfc/INfcAdapterExtras.aidl,32,1,32,69,maxTargetSdk=30&trackingBug=170729553L
Landroid/nfc/INfcAdapterExtras;->setCardEmulationRoute(Ljava/lang/String;I)V,packages/modules/Nfc/framework/java/android/nfc/INfcAdapterExtras.aidl,34,1,34,69,maxTargetSdk=30&trackingBug=170729553L
Landroid/nfc/INfcAdapterExtras;->authenticate(Ljava/lang/String;[B)V,packages/modules/Nfc/framework/java/android/nfc/INfcAdapterExtras.aidl,36,1,36,69,maxTargetSdk=30&trackingBug=170729553L
Landroid/nfc/INfcAdapterExtras;->getDriverName(Ljava/lang/String;)Ljava/lang/String;,packages/modules/Nfc/framework/java/android/nfc/INfcAdapterExtras.aidl,38,1,38,69,maxTargetSdk=30&trackingBug=170729553L
Landroid/nfc/NdefRecord;->mId:[B,packages/modules/Nfc/framework/java/android/nfc/NdefRecord.java,286,5,286,88,maxTargetSdk=30&trackingBug=170729553L
Landroid/nfc/NfcActivityManager;->mAdapter:Landroid/nfc/NfcAdapter;,packages/modules/Nfc/framework/java/android/nfc/NfcActivityManager.java,45,5,45,25,
Landroid/nfc/NfcAdapter;->FLAG_NDEF_PUSH_NO_CONFIRM:I,packages/modules/Nfc/framework/java/android/nfc/NfcAdapter.java,471,5,471,25,
Landroid/nfc/NfcAdapter;->sService:Landroid/nfc/INfcAdapter;,packages/modules/Nfc/framework/java/android/nfc/NfcAdapter.java,586,5,586,25,
Landroid/nfc/NfcAdapter;->getNfcAdapter(Landroid/content/Context;)Landroid/nfc/NfcAdapter;,packages/modules/Nfc/framework/java/android/nfc/NfcAdapter.java,777,5,777,25,
Landroid/nfc/NfcAdapter;->getDefaultAdapter()Landroid/nfc/NfcAdapter;,packages/modules/Nfc/framework/java/android/nfc/NfcAdapter.java,908,5,908,25,
Landroid/nfc/NfcAdapter;->getContext()Landroid/content/Context;,packages/modules/Nfc/framework/java/android/nfc/NfcAdapter.java,935,5,935,25,
Landroid/nfc/NfcAdapter;->getService()Landroid/nfc/INfcAdapter;,packages/modules/Nfc/framework/java/android/nfc/NfcAdapter.java,944,5,944,25,
Landroid/nfc/NfcAdapter;->attemptDeadServiceRecovery(Landroid/os/RemoteException;)V,packages/modules/Nfc/framework/java/android/nfc/NfcAdapter.java,995,5,995,25,
Landroid/nfc/NfcAdapter;->setBeamPushUris([Landroid/net/Uri;Landroid/app/Activity;)V,packages/modules/Nfc/framework/java/android/nfc/NfcAdapter.java,1301,5,1301,25,
Landroid/nfc/NfcAdapter;->setBeamPushUrisCallback(Landroid/nfc/NfcAdapter$CreateBeamUrisCallback;Landroid/app/Activity;)V,packages/modules/Nfc/framework/java/android/nfc/NfcAdapter.java,1371,5,1371,25,
Landroid/nfc/NfcAdapter;->setNdefPushMessage(Landroid/nfc/NdefMessage;Landroid/app/Activity;[Landroid/app/Activity;)V,packages/modules/Nfc/framework/java/android/nfc/NfcAdapter.java,1455,5,1455,25,
Landroid/nfc/NfcAdapter;->setNdefPushMessage(Landroid/nfc/NdefMessage;Landroid/app/Activity;I)V,packages/modules/Nfc/framework/java/android/nfc/NfcAdapter.java,1470,5,1470,25,
Landroid/nfc/NfcAdapter;->setNdefPushMessageCallback(Landroid/nfc/NfcAdapter$CreateNdefMessageCallback;Landroid/app/Activity;[Landroid/app/Activity;)V,packages/modules/Nfc/framework/java/android/nfc/NfcAdapter.java,1548,5,1548,25,
Landroid/nfc/NfcAdapter;->setOnNdefPushCompleteCallback(Landroid/nfc/NfcAdapter$OnNdefPushCompleteCallback;Landroid/app/Activity;[Landroid/app/Activity;)V,packages/modules/Nfc/framework/java/android/nfc/NfcAdapter.java,1599,5,1599,25,
Landroid/nfc/NfcAdapter;->invokeBeam(Landroid/app/Activity;)Z,packages/modules/Nfc/framework/java/android/nfc/NfcAdapter.java,1887,5,1887,25,
Landroid/nfc/NfcAdapter;->enableForegroundNdefPush(Landroid/app/Activity;Landroid/nfc/NdefMessage;)V,packages/modules/Nfc/framework/java/android/nfc/NfcAdapter.java,1925,5,1925,25,
Landroid/nfc/NfcAdapter;->disableForegroundNdefPush(Landroid/app/Activity;)V,packages/modules/Nfc/framework/java/android/nfc/NfcAdapter.java,1955,5,1955,25,
Landroid/nfc/NfcAdapter;->enableNdefPush()Z,packages/modules/Nfc/framework/java/android/nfc/NfcAdapter.java,2093,5,2093,25,
Landroid/nfc/NfcAdapter;->disableNdefPush()Z,packages/modules/Nfc/framework/java/android/nfc/NfcAdapter.java,2106,5,2106,25,
Landroid/nfc/NfcAdapter;->isNdefPushEnabled()Z,packages/modules/Nfc/framework/java/android/nfc/NfcAdapter.java,2138,5,2138,25,
Landroid/nfc/NfcAdapter;->getNfcAdapterExtrasInterface()Landroid/nfc/INfcAdapterExtras;,packages/modules/Nfc/framework/java/android/nfc/NfcAdapter.java,2316,5,2316,88,maxTargetSdk=30&trackingBug=170729553L
Landroid/nfc/NfcManager;-><init>(Landroid/content/Context;)V,packages/modules/Nfc/framework/java/android/nfc/NfcManager.java,49,5,49,88,maxTargetSdk=28&trackingBug=115609023L
Landroid/nfc/Tag;->mId:[B,packages/modules/Nfc/framework/java/android/nfc/Tag.java,115,5,115,88,maxTargetSdk=30&trackingBug=170729553L
Landroid/nfc/Tag;->getServiceHandle()I,packages/modules/Nfc/framework/java/android/nfc/Tag.java,247,5,247,25,
Landroid/nfc/Tag;->getTagService()Landroid/nfc/INfcTag;,packages/modules/Nfc/framework/java/android/nfc/Tag.java,368,5,368,25,
Landroid/nfc/cardemulation/HostNfcFService;->getNfcService()Landroid/os/Messenger;,packages/modules/Nfc/framework/java/android/nfc/cardemulation/HostNfcFService.java,168,5,168,25,
Landroid/nfc/cardemulation/HostNfcFService;->getMessenger()Landroid/os/Messenger;,packages/modules/Nfc/framework/java/android/nfc/cardemulation/HostNfcFService.java,176,5,176,25,
Landroid/nfc/cardemulation/HostNfcFService;->setNfcService(Landroid/os/Messenger;)V,packages/modules/Nfc/framework/java/android/nfc/cardemulation/HostNfcFService.java,183,5,183,25,
Landroid/nfc/cardemulation/HostNfcFServiceMsgHandler;->handleMessage(Landroid/os/Message;)V,packages/modules/Nfc/framework/java/android/nfc/cardemulation/HostNfcFServiceMsgHandler.java,52,5,52,25,
Landroid/permission/flags/CustomFeatureFlags;->allowHostPermissionDialogsOnVirtualDevices()Z,out/soong/.intermediates/frameworks/base/android.permission.flags-aconfig-java/android_common_apex36/javac/srcjars/android/permission/flags/CustomFeatureFlags.java,21,5,21,25,
Landroid/permission/flags/CustomFeatureFlags;->appOpsServiceHandlerFix()Z,out/soong/.intermediates/frameworks/base/android.permission.flags-aconfig-java/android_common_apex36/javac/srcjars/android/permission/flags/CustomFeatureFlags.java,28,5,28,25,
Landroid/permission/flags/CustomFeatureFlags;->appopAccessTrackingLoggingEnabled()Z,out/soong/.intermediates/frameworks/base/android.permission.flags-aconfig-java/android_common_apex36/javac/srcjars/android/permission/flags/CustomFeatureFlags.java,35,5,35,25,
Landroid/permission/flags/CustomFeatureFlags;->appopModeCachingEnabled()Z,out/soong/.intermediates/frameworks/base/android.permission.flags-aconfig-java/android_common_apex36/javac/srcjars/android/permission/flags/CustomFeatureFlags.java,42,5,42,25,
Landroid/permission/flags/CustomFeatureFlags;->checkOpOverloadApiEnabled()Z,out/soong/.intermediates/frameworks/base/android.permission.flags-aconfig-java/android_common_apex36/javac/srcjars/android/permission/flags/CustomFeatureFlags.java,49,5,49,25,
Landroid/permission/flags/CustomFeatureFlags;->checkOpValidatePackage()Z,out/soong/.intermediates/frameworks/base/android.permission.flags-aconfig-java/android_common_apex36/javac/srcjars/android/permission/flags/CustomFeatureFlags.java,56,5,56,25,
Landroid/permission/flags/CustomFeatureFlags;->delayUidStateChangesFromCapabilityUpdates()Z,out/soong/.intermediates/frameworks/base/android.permission.flags-aconfig-java/android_common_apex36/javac/srcjars/android/permission/flags/CustomFeatureFlags.java,63,5,63,25,
Landroid/permission/flags/CustomFeatureFlags;->deviceAwareAppOpNewSchemaEnabled()Z,out/soong/.intermediates/frameworks/base/android.permission.flags-aconfig-java/android_common_apex36/javac/srcjars/android/permission/flags/CustomFeatureFlags.java,70,5,70,25,
Landroid/permission/flags/CustomFeatureFlags;->deviceAwarePermissionApisEnabled()Z,out/soong/.intermediates/frameworks/base/android.permission.flags-aconfig-java/android_common_apex36/javac/srcjars/android/permission/flags/CustomFeatureFlags.java,77,5,77,25,
Landroid/permission/flags/CustomFeatureFlags;->deviceAwarePermissionsEnabled()Z,out/soong/.intermediates/frameworks/base/android.permission.flags-aconfig-java/android_common_apex36/javac/srcjars/android/permission/flags/CustomFeatureFlags.java,84,5,84,25,
Landroid/permission/flags/CustomFeatureFlags;->deviceIdInOpProxyInfoEnabled()Z,out/soong/.intermediates/frameworks/base/android.permission.flags-aconfig-java/android_common_apex36/javac/srcjars/android/permission/flags/CustomFeatureFlags.java,91,5,91,25,
Landroid/permission/flags/CustomFeatureFlags;->devicePolicyManagementRoleSplitCreateManagedProfileEnabled()Z,out/soong/.intermediates/frameworks/base/android.permission.flags-aconfig-java/android_common_apex36/javac/srcjars/android/permission/flags/CustomFeatureFlags.java,98,5,98,25,
Landroid/permission/flags/CustomFeatureFlags;->dontRemoveExistingUidStates()Z,out/soong/.intermediates/frameworks/base/android.permission.flags-aconfig-java/android_common_apex36/javac/srcjars/android/permission/flags/CustomFeatureFlags.java,105,5,105,25,
Landroid/permission/flags/CustomFeatureFlags;->enableAiaiProxiedTextClassifiers()Z,out/soong/.intermediates/frameworks/base/android.permission.flags-aconfig-java/android_common_apex36/javac/srcjars/android/permission/flags/CustomFeatureFlags.java,112,5,112,25,
Landroid/permission/flags/CustomFeatureFlags;->enableOtpInTextClassifiers()Z,out/soong/.intermediates/frameworks/base/android.permission.flags-aconfig-java/android_common_apex36/javac/srcjars/android/permission/flags/CustomFeatureFlags.java,119,5,119,25,
Landroid/permission/flags/CustomFeatureFlags;->enableSqliteAppopsAccesses()Z,out/soong/.intermediates/frameworks/base/android.permission.flags-aconfig-java/android_common_apex36/javac/srcjars/android/permission/flags/CustomFeatureFlags.java,126,5,126,25,
Landroid/permission/flags/CustomFeatureFlags;->enhancedConfirmationInCallApisEnabled()Z,out/soong/.intermediates/frameworks/base/android.permission.flags-aconfig-java/android_common_apex36/javac/srcjars/android/permission/flags/CustomFeatureFlags.java,133,5,133,25,
Landroid/permission/flags/CustomFeatureFlags;->enhancedConfirmationModeApisEnabled()Z,out/soong/.intermediates/frameworks/base/android.permission.flags-aconfig-java/android_common_apex36/javac/srcjars/android/permission/flags/CustomFeatureFlags.java,140,5,140,25,
Landroid/permission/flags/CustomFeatureFlags;->factoryResetPrepPermissionApis()Z,out/soong/.intermediates/frameworks/base/android.permission.flags-aconfig-java/android_common_apex36/javac/srcjars/android/permission/flags/CustomFeatureFlags.java,147,5,147,25,
Landroid/permission/flags/CustomFeatureFlags;->finePowerMonitorPermission()Z,out/soong/.intermediates/frameworks/base/android.permission.flags-aconfig-java/android_common_apex36/javac/srcjars/android/permission/flags/CustomFeatureFlags.java,154,5,154,25,
Landroid/permission/flags/CustomFeatureFlags;->finishRunningOpsForKilledPackages()Z,out/soong/.intermediates/frameworks/base/android.permission.flags-aconfig-java/android_common_apex36/javac/srcjars/android/permission/flags/CustomFeatureFlags.java,161,5,161,25,
Landroid/permission/flags/CustomFeatureFlags;->getEmergencyRoleHolderApiEnabled()Z,out/soong/.intermediates/frameworks/base/android.permission.flags-aconfig-java/android_common_apex36/javac/srcjars/android/permission/flags/CustomFeatureFlags.java,168,5,168,25,
Landroid/permission/flags/CustomFeatureFlags;->healthConnectBackupRestorePermissionEnabled()Z,out/soong/.intermediates/frameworks/base/android.permission.flags-aconfig-java/android_common_apex36/javac/srcjars/android/permission/flags/CustomFeatureFlags.java,175,5,175,25,
Landroid/permission/flags/CustomFeatureFlags;->ignoreProcessText()Z,out/soong/.intermediates/frameworks/base/android.permission.flags-aconfig-java/android_common_apex36/javac/srcjars/android/permission/flags/CustomFeatureFlags.java,182,5,182,25,
Landroid/permission/flags/CustomFeatureFlags;->locationBypassPrivacyDashboardEnabled()Z,out/soong/.intermediates/frameworks/base/android.permission.flags-aconfig-java/android_common_apex36/javac/srcjars/android/permission/flags/CustomFeatureFlags.java,189,5,189,25,
Landroid/permission/flags/CustomFeatureFlags;->noteOpBatchingEnabled()Z,out/soong/.intermediates/frameworks/base/android.permission.flags-aconfig-java/android_common_apex36/javac/srcjars/android/permission/flags/CustomFeatureFlags.java,196,5,196,25,
Landroid/permission/flags/CustomFeatureFlags;->opEnableMobileDataByUser()Z,out/soong/.intermediates/frameworks/base/android.permission.flags-aconfig-java/android_common_apex36/javac/srcjars/android/permission/flags/CustomFeatureFlags.java,203,5,203,25,
Landroid/permission/flags/CustomFeatureFlags;->permissionRequestShortCircuitEnabled()Z,out/soong/.intermediates/frameworks/base/android.permission.flags-aconfig-java/android_common_apex36/javac/srcjars/android/permission/flags/CustomFeatureFlags.java,210,5,210,25,
Landroid/permission/flags/CustomFeatureFlags;->permissionTreeApisDeprecated()Z,out/soong/.intermediates/frameworks/base/android.permission.flags-aconfig-java/android_common_apex36/javac/srcjars/android/permission/flags/CustomFeatureFlags.java,217,5,217,25,
Landroid/permission/flags/CustomFeatureFlags;->rangingPermissionEnabled()Z,out/soong/.intermediates/frameworks/base/android.permission.flags-aconfig-java/android_common_apex36/javac/srcjars/android/permission/flags/CustomFeatureFlags.java,224,5,224,25,
Landroid/permission/flags/CustomFeatureFlags;->rateLimitBatchedNoteOpAsyncCallbacksEnabled()Z,out/soong/.intermediates/frameworks/base/android.permission.flags-aconfig-java/android_common_apex36/javac/srcjars/android/permission/flags/CustomFeatureFlags.java,231,5,231,25,
Landroid/permission/flags/CustomFeatureFlags;->replaceBodySensorPermissionEnabled()Z,out/soong/.intermediates/frameworks/base/android.permission.flags-aconfig-java/android_common_apex36/javac/srcjars/android/permission/flags/CustomFeatureFlags.java,238,5,238,25,
Landroid/permission/flags/CustomFeatureFlags;->retailDemoRoleEnabled()Z,out/soong/.intermediates/frameworks/base/android.permission.flags-aconfig-java/android_common_apex36/javac/srcjars/android/permission/flags/CustomFeatureFlags.java,245,5,245,25,
Landroid/permission/flags/CustomFeatureFlags;->runtimePermissionAppopsMappingEnabled()Z,out/soong/.intermediates/frameworks/base/android.permission.flags-aconfig-java/android_common_apex36/javac/srcjars/android/permission/flags/CustomFeatureFlags.java,252,5,252,25,
Landroid/permission/flags/CustomFeatureFlags;->sensitiveContentImprovements()Z,out/soong/.intermediates/frameworks/base/android.permission.flags-aconfig-java/android_common_apex36/javac/srcjars/android/permission/flags/CustomFeatureFlags.java,259,5,259,25,
Landroid/permission/flags/CustomFeatureFlags;->sensitiveContentMetricsBugfix()Z,out/soong/.intermediates/frameworks/base/android.permission.flags-aconfig-java/android_common_apex36/javac/srcjars/android/permission/flags/CustomFeatureFlags.java,266,5,266,25,
Landroid/permission/flags/CustomFeatureFlags;->sensitiveContentRecentsScreenshotBugfix()Z,out/soong/.intermediates/frameworks/base/android.permission.flags-aconfig-java/android_common_apex36/javac/srcjars/android/permission/flags/CustomFeatureFlags.java,273,5,273,25,
Landroid/permission/flags/CustomFeatureFlags;->sensitiveNotificationAppProtection()Z,out/soong/.intermediates/frameworks/base/android.permission.flags-aconfig-java/android_common_apex36/javac/srcjars/android/permission/flags/CustomFeatureFlags.java,280,5,280,25,
Landroid/permission/flags/CustomFeatureFlags;->serverSideAttributionRegistration()Z,out/soong/.intermediates/frameworks/base/android.permission.flags-aconfig-java/android_common_apex36/javac/srcjars/android/permission/flags/CustomFeatureFlags.java,287,5,287,25,
Landroid/permission/flags/CustomFeatureFlags;->setNextAttributionSource()Z,out/soong/.intermediates/frameworks/base/android.permission.flags-aconfig-java/android_common_apex36/javac/srcjars/android/permission/flags/CustomFeatureFlags.java,294,5,294,25,
Landroid/permission/flags/CustomFeatureFlags;->shouldRegisterAttributionSource()Z,out/soong/.intermediates/frameworks/base/android.permission.flags-aconfig-java/android_common_apex36/javac/srcjars/android/permission/flags/CustomFeatureFlags.java,301,5,301,25,
Landroid/permission/flags/CustomFeatureFlags;->signaturePermissionAllowlistEnabled()Z,out/soong/.intermediates/frameworks/base/android.permission.flags-aconfig-java/android_common_apex36/javac/srcjars/android/permission/flags/CustomFeatureFlags.java,308,5,308,25,
Landroid/permission/flags/CustomFeatureFlags;->sqliteDiscreteOpEventLoggingEnabled()Z,out/soong/.intermediates/frameworks/base/android.permission.flags-aconfig-java/android_common_apex36/javac/srcjars/android/permission/flags/CustomFeatureFlags.java,315,5,315,25,
Landroid/permission/flags/CustomFeatureFlags;->supervisionRolePermissionUpdateEnabled()Z,out/soong/.intermediates/frameworks/base/android.permission.flags-aconfig-java/android_common_apex36/javac/srcjars/android/permission/flags/CustomFeatureFlags.java,322,5,322,25,
Landroid/permission/flags/CustomFeatureFlags;->syncOnOpNotedApi()Z,out/soong/.intermediates/frameworks/base/android.permission.flags-aconfig-java/android_common_apex36/javac/srcjars/android/permission/flags/CustomFeatureFlags.java,329,5,329,25,
Landroid/permission/flags/CustomFeatureFlags;->systemSelectionToolbarEnabled()Z,out/soong/.intermediates/frameworks/base/android.permission.flags-aconfig-java/android_common_apex36/javac/srcjars/android/permission/flags/CustomFeatureFlags.java,336,5,336,25,
Landroid/permission/flags/CustomFeatureFlags;->systemServerRoleControllerEnabled()Z,out/soong/.intermediates/frameworks/base/android.permission.flags-aconfig-java/android_common_apex36/javac/srcjars/android/permission/flags/CustomFeatureFlags.java,343,5,343,25,
Landroid/permission/flags/CustomFeatureFlags;->systemVendorIntelligenceRoleEnabled()Z,out/soong/.intermediates/frameworks/base/android.permission.flags-aconfig-java/android_common_apex36/javac/srcjars/android/permission/flags/CustomFeatureFlags.java,350,5,350,25,
Landroid/permission/flags/CustomFeatureFlags;->textClassifierChoiceApiEnabled()Z,out/soong/.intermediates/frameworks/base/android.permission.flags-aconfig-java/android_common_apex36/javac/srcjars/android/permission/flags/CustomFeatureFlags.java,357,5,357,25,
Landroid/permission/flags/CustomFeatureFlags;->unknownCallPackageInstallBlockingEnabled()Z,out/soong/.intermediates/frameworks/base/android.permission.flags-aconfig-java/android_common_apex36/javac/srcjars/android/permission/flags/CustomFeatureFlags.java,364,5,364,25,
Landroid/permission/flags/CustomFeatureFlags;->updatableTextClassifierForOtpDetectionEnabled()Z,out/soong/.intermediates/frameworks/base/android.permission.flags-aconfig-java/android_common_apex36/javac/srcjars/android/permission/flags/CustomFeatureFlags.java,371,5,371,25,
Landroid/permission/flags/CustomFeatureFlags;->useFrozenAwareRemoteCallbackList()Z,out/soong/.intermediates/frameworks/base/android.permission.flags-aconfig-java/android_common_apex36/javac/srcjars/android/permission/flags/CustomFeatureFlags.java,378,5,378,25,
Landroid/permission/flags/CustomFeatureFlags;->useProfileLabelsForDefaultAppSectionTitles()Z,out/soong/.intermediates/frameworks/base/android.permission.flags-aconfig-java/android_common_apex36/javac/srcjars/android/permission/flags/CustomFeatureFlags.java,385,5,385,25,
Landroid/permission/flags/CustomFeatureFlags;->useSystemSelectionToolbarInSysui()Z,out/soong/.intermediates/frameworks/base/android.permission.flags-aconfig-java/android_common_apex36/javac/srcjars/android/permission/flags/CustomFeatureFlags.java,392,5,392,25,
Landroid/permission/flags/CustomFeatureFlags;->voiceActivationPermissionApis()Z,out/soong/.intermediates/frameworks/base/android.permission.flags-aconfig-java/android_common_apex36/javac/srcjars/android/permission/flags/CustomFeatureFlags.java,399,5,399,25,
Landroid/permission/flags/CustomFeatureFlags;->walletRoleCrossUserEnabled()Z,out/soong/.intermediates/frameworks/base/android.permission.flags-aconfig-java/android_common_apex36/javac/srcjars/android/permission/flags/CustomFeatureFlags.java,406,5,406,25,
Landroid/permission/flags/CustomFeatureFlags;->walletRoleEnabled()Z,out/soong/.intermediates/frameworks/base/android.permission.flags-aconfig-java/android_common_apex36/javac/srcjars/android/permission/flags/CustomFeatureFlags.java,413,5,413,25,
Landroid/permission/flags/CustomFeatureFlags;->walletRoleIconPropertyEnabled()Z,out/soong/.intermediates/frameworks/base/android.permission.flags-aconfig-java/android_common_apex36/javac/srcjars/android/permission/flags/CustomFeatureFlags.java,420,5,420,25,
Landroid/permission/flags/FeatureFlags;->allowHostPermissionDialogsOnVirtualDevices()Z,out/soong/.intermediates/frameworks/base/android.permission.flags-aconfig-java/android_common_apex36/javac/srcjars/android/permission/flags/FeatureFlags.java,9,5,9,25,
Landroid/permission/flags/FeatureFlags;->appOpsServiceHandlerFix()Z,out/soong/.intermediates/frameworks/base/android.permission.flags-aconfig-java/android_common_apex36/javac/srcjars/android/permission/flags/FeatureFlags.java,13,5,13,25,
Landroid/permission/flags/FeatureFlags;->appopAccessTrackingLoggingEnabled()Z,out/soong/.intermediates/frameworks/base/android.permission.flags-aconfig-java/android_common_apex36/javac/srcjars/android/permission/flags/FeatureFlags.java,17,5,17,25,
Landroid/permission/flags/FeatureFlags;->appopModeCachingEnabled()Z,out/soong/.intermediates/frameworks/base/android.permission.flags-aconfig-java/android_common_apex36/javac/srcjars/android/permission/flags/FeatureFlags.java,21,5,21,25,
Landroid/permission/flags/FeatureFlags;->checkOpOverloadApiEnabled()Z,out/soong/.intermediates/frameworks/base/android.permission.flags-aconfig-java/android_common_apex36/javac/srcjars/android/permission/flags/FeatureFlags.java,25,5,25,25,
Landroid/permission/flags/FeatureFlags;->checkOpValidatePackage()Z,out/soong/.intermediates/frameworks/base/android.permission.flags-aconfig-java/android_common_apex36/javac/srcjars/android/permission/flags/FeatureFlags.java,29,5,29,25,
Landroid/permission/flags/FeatureFlags;->delayUidStateChangesFromCapabilityUpdates()Z,out/soong/.intermediates/frameworks/base/android.permission.flags-aconfig-java/android_common_apex36/javac/srcjars/android/permission/flags/FeatureFlags.java,33,5,33,25,
Landroid/permission/flags/FeatureFlags;->deviceAwareAppOpNewSchemaEnabled()Z,out/soong/.intermediates/frameworks/base/android.permission.flags-aconfig-java/android_common_apex36/javac/srcjars/android/permission/flags/FeatureFlags.java,37,5,37,25,
Landroid/permission/flags/FeatureFlags;->deviceAwarePermissionApisEnabled()Z,out/soong/.intermediates/frameworks/base/android.permission.flags-aconfig-java/android_common_apex36/javac/srcjars/android/permission/flags/FeatureFlags.java,41,5,41,25,
Landroid/permission/flags/FeatureFlags;->deviceAwarePermissionsEnabled()Z,out/soong/.intermediates/frameworks/base/android.permission.flags-aconfig-java/android_common_apex36/javac/srcjars/android/permission/flags/FeatureFlags.java,45,5,45,25,
Landroid/permission/flags/FeatureFlags;->deviceIdInOpProxyInfoEnabled()Z,out/soong/.intermediates/frameworks/base/android.permission.flags-aconfig-java/android_common_apex36/javac/srcjars/android/permission/flags/FeatureFlags.java,49,5,49,25,
Landroid/permission/flags/FeatureFlags;->devicePolicyManagementRoleSplitCreateManagedProfileEnabled()Z,out/soong/.intermediates/frameworks/base/android.permission.flags-aconfig-java/android_common_apex36/javac/srcjars/android/permission/flags/FeatureFlags.java,53,5,53,25,
Landroid/permission/flags/FeatureFlags;->dontRemoveExistingUidStates()Z,out/soong/.intermediates/frameworks/base/android.permission.flags-aconfig-java/android_common_apex36/javac/srcjars/android/permission/flags/FeatureFlags.java,57,5,57,25,
Landroid/permission/flags/FeatureFlags;->enableAiaiProxiedTextClassifiers()Z,out/soong/.intermediates/frameworks/base/android.permission.flags-aconfig-java/android_common_apex36/javac/srcjars/android/permission/flags/FeatureFlags.java,61,5,61,25,
Landroid/permission/flags/FeatureFlags;->enableOtpInTextClassifiers()Z,out/soong/.intermediates/frameworks/base/android.permission.flags-aconfig-java/android_common_apex36/javac/srcjars/android/permission/flags/FeatureFlags.java,65,5,65,25,
Landroid/permission/flags/FeatureFlags;->enableSqliteAppopsAccesses()Z,out/soong/.intermediates/frameworks/base/android.permission.flags-aconfig-java/android_common_apex36/javac/srcjars/android/permission/flags/FeatureFlags.java,69,5,69,25,
Landroid/permission/flags/FeatureFlags;->enhancedConfirmationInCallApisEnabled()Z,out/soong/.intermediates/frameworks/base/android.permission.flags-aconfig-java/android_common_apex36/javac/srcjars/android/permission/flags/FeatureFlags.java,73,5,73,25,
Landroid/permission/flags/FeatureFlags;->enhancedConfirmationModeApisEnabled()Z,out/soong/.intermediates/frameworks/base/android.permission.flags-aconfig-java/android_common_apex36/javac/srcjars/android/permission/flags/FeatureFlags.java,77,5,77,25,
Landroid/permission/flags/FeatureFlags;->factoryResetPrepPermissionApis()Z,out/soong/.intermediates/frameworks/base/android.permission.flags-aconfig-java/android_common_apex36/javac/srcjars/android/permission/flags/FeatureFlags.java,81,5,81,25,
Landroid/permission/flags/FeatureFlags;->finePowerMonitorPermission()Z,out/soong/.intermediates/frameworks/base/android.permission.flags-aconfig-java/android_common_apex36/javac/srcjars/android/permission/flags/FeatureFlags.java,85,5,85,25,
Landroid/permission/flags/FeatureFlags;->finishRunningOpsForKilledPackages()Z,out/soong/.intermediates/frameworks/base/android.permission.flags-aconfig-java/android_common_apex36/javac/srcjars/android/permission/flags/FeatureFlags.java,89,5,89,25,
Landroid/permission/flags/FeatureFlags;->getEmergencyRoleHolderApiEnabled()Z,out/soong/.intermediates/frameworks/base/android.permission.flags-aconfig-java/android_common_apex36/javac/srcjars/android/permission/flags/FeatureFlags.java,93,5,93,25,
Landroid/permission/flags/FeatureFlags;->healthConnectBackupRestorePermissionEnabled()Z,out/soong/.intermediates/frameworks/base/android.permission.flags-aconfig-java/android_common_apex36/javac/srcjars/android/permission/flags/FeatureFlags.java,97,5,97,25,
Landroid/permission/flags/FeatureFlags;->ignoreProcessText()Z,out/soong/.intermediates/frameworks/base/android.permission.flags-aconfig-java/android_common_apex36/javac/srcjars/android/permission/flags/FeatureFlags.java,101,5,101,25,
Landroid/permission/flags/FeatureFlags;->locationBypassPrivacyDashboardEnabled()Z,out/soong/.intermediates/frameworks/base/android.permission.flags-aconfig-java/android_common_apex36/javac/srcjars/android/permission/flags/FeatureFlags.java,105,5,105,25,
Landroid/permission/flags/FeatureFlags;->noteOpBatchingEnabled()Z,out/soong/.intermediates/frameworks/base/android.permission.flags-aconfig-java/android_common_apex36/javac/srcjars/android/permission/flags/FeatureFlags.java,109,5,109,25,
Landroid/permission/flags/FeatureFlags;->opEnableMobileDataByUser()Z,out/soong/.intermediates/frameworks/base/android.permission.flags-aconfig-java/android_common_apex36/javac/srcjars/android/permission/flags/FeatureFlags.java,113,5,113,25,
Landroid/permission/flags/FeatureFlags;->permissionRequestShortCircuitEnabled()Z,out/soong/.intermediates/frameworks/base/android.permission.flags-aconfig-java/android_common_apex36/javac/srcjars/android/permission/flags/FeatureFlags.java,117,5,117,25,
Landroid/permission/flags/FeatureFlags;->permissionTreeApisDeprecated()Z,out/soong/.intermediates/frameworks/base/android.permission.flags-aconfig-java/android_common_apex36/javac/srcjars/android/permission/flags/FeatureFlags.java,121,5,121,25,
Landroid/permission/flags/FeatureFlags;->rangingPermissionEnabled()Z,out/soong/.intermediates/frameworks/base/android.permission.flags-aconfig-java/android_common_apex36/javac/srcjars/android/permission/flags/FeatureFlags.java,125,5,125,25,
Landroid/permission/flags/FeatureFlags;->rateLimitBatchedNoteOpAsyncCallbacksEnabled()Z,out/soong/.intermediates/frameworks/base/android.permission.flags-aconfig-java/android_common_apex36/javac/srcjars/android/permission/flags/FeatureFlags.java,129,5,129,25,
Landroid/permission/flags/FeatureFlags;->replaceBodySensorPermissionEnabled()Z,out/soong/.intermediates/frameworks/base/android.permission.flags-aconfig-java/android_common_apex36/javac/srcjars/android/permission/flags/FeatureFlags.java,133,5,133,25,
Landroid/permission/flags/FeatureFlags;->retailDemoRoleEnabled()Z,out/soong/.intermediates/frameworks/base/android.permission.flags-aconfig-java/android_common_apex36/javac/srcjars/android/permission/flags/FeatureFlags.java,137,5,137,25,
Landroid/permission/flags/FeatureFlags;->runtimePermissionAppopsMappingEnabled()Z,out/soong/.intermediates/frameworks/base/android.permission.flags-aconfig-java/android_common_apex36/javac/srcjars/android/permission/flags/FeatureFlags.java,141,5,141,25,
Landroid/permission/flags/FeatureFlags;->sensitiveContentImprovements()Z,out/soong/.intermediates/frameworks/base/android.permission.flags-aconfig-java/android_common_apex36/javac/srcjars/android/permission/flags/FeatureFlags.java,145,5,145,25,
Landroid/permission/flags/FeatureFlags;->sensitiveContentMetricsBugfix()Z,out/soong/.intermediates/frameworks/base/android.permission.flags-aconfig-java/android_common_apex36/javac/srcjars/android/permission/flags/FeatureFlags.java,149,5,149,25,
Landroid/permission/flags/FeatureFlags;->sensitiveContentRecentsScreenshotBugfix()Z,out/soong/.intermediates/frameworks/base/android.permission.flags-aconfig-java/android_common_apex36/javac/srcjars/android/permission/flags/FeatureFlags.java,153,5,153,25,
Landroid/permission/flags/FeatureFlags;->sensitiveNotificationAppProtection()Z,out/soong/.intermediates/frameworks/base/android.permission.flags-aconfig-java/android_common_apex36/javac/srcjars/android/permission/flags/FeatureFlags.java,157,5,157,25,
Landroid/permission/flags/FeatureFlags;->serverSideAttributionRegistration()Z,out/soong/.intermediates/frameworks/base/android.permission.flags-aconfig-java/android_common_apex36/javac/srcjars/android/permission/flags/FeatureFlags.java,161,5,161,25,
Landroid/permission/flags/FeatureFlags;->setNextAttributionSource()Z,out/soong/.intermediates/frameworks/base/android.permission.flags-aconfig-java/android_common_apex36/javac/srcjars/android/permission/flags/FeatureFlags.java,165,5,165,25,
Landroid/permission/flags/FeatureFlags;->shouldRegisterAttributionSource()Z,out/soong/.intermediates/frameworks/base/android.permission.flags-aconfig-java/android_common_apex36/javac/srcjars/android/permission/flags/FeatureFlags.java,169,5,169,25,
Landroid/permission/flags/FeatureFlags;->signaturePermissionAllowlistEnabled()Z,out/soong/.intermediates/frameworks/base/android.permission.flags-aconfig-java/android_common_apex36/javac/srcjars/android/permission/flags/FeatureFlags.java,173,5,173,25,
Landroid/permission/flags/FeatureFlags;->sqliteDiscreteOpEventLoggingEnabled()Z,out/soong/.intermediates/frameworks/base/android.permission.flags-aconfig-java/android_common_apex36/javac/srcjars/android/permission/flags/FeatureFlags.java,177,5,177,25,
Landroid/permission/flags/FeatureFlags;->supervisionRolePermissionUpdateEnabled()Z,out/soong/.intermediates/frameworks/base/android.permission.flags-aconfig-java/android_common_apex36/javac/srcjars/android/permission/flags/FeatureFlags.java,181,5,181,25,
Landroid/permission/flags/FeatureFlags;->syncOnOpNotedApi()Z,out/soong/.intermediates/frameworks/base/android.permission.flags-aconfig-java/android_common_apex36/javac/srcjars/android/permission/flags/FeatureFlags.java,185,5,185,25,
Landroid/permission/flags/FeatureFlags;->systemSelectionToolbarEnabled()Z,out/soong/.intermediates/frameworks/base/android.permission.flags-aconfig-java/android_common_apex36/javac/srcjars/android/permission/flags/FeatureFlags.java,189,5,189,25,
Landroid/permission/flags/FeatureFlags;->systemServerRoleControllerEnabled()Z,out/soong/.intermediates/frameworks/base/android.permission.flags-aconfig-java/android_common_apex36/javac/srcjars/android/permission/flags/FeatureFlags.java,193,5,193,25,
Landroid/permission/flags/FeatureFlags;->systemVendorIntelligenceRoleEnabled()Z,out/soong/.intermediates/frameworks/base/android.permission.flags-aconfig-java/android_common_apex36/javac/srcjars/android/permission/flags/FeatureFlags.java,197,5,197,25,
Landroid/permission/flags/FeatureFlags;->textClassifierChoiceApiEnabled()Z,out/soong/.intermediates/frameworks/base/android.permission.flags-aconfig-java/android_common_apex36/javac/srcjars/android/permission/flags/FeatureFlags.java,201,5,201,25,
Landroid/permission/flags/FeatureFlags;->unknownCallPackageInstallBlockingEnabled()Z,out/soong/.intermediates/frameworks/base/android.permission.flags-aconfig-java/android_common_apex36/javac/srcjars/android/permission/flags/FeatureFlags.java,205,5,205,25,
Landroid/permission/flags/FeatureFlags;->updatableTextClassifierForOtpDetectionEnabled()Z,out/soong/.intermediates/frameworks/base/android.permission.flags-aconfig-java/android_common_apex36/javac/srcjars/android/permission/flags/FeatureFlags.java,209,5,209,25,
Landroid/permission/flags/FeatureFlags;->useFrozenAwareRemoteCallbackList()Z,out/soong/.intermediates/frameworks/base/android.permission.flags-aconfig-java/android_common_apex36/javac/srcjars/android/permission/flags/FeatureFlags.java,213,5,213,25,
Landroid/permission/flags/FeatureFlags;->useProfileLabelsForDefaultAppSectionTitles()Z,out/soong/.intermediates/frameworks/base/android.permission.flags-aconfig-java/android_common_apex36/javac/srcjars/android/permission/flags/FeatureFlags.java,217,5,217,25,
Landroid/permission/flags/FeatureFlags;->useSystemSelectionToolbarInSysui()Z,out/soong/.intermediates/frameworks/base/android.permission.flags-aconfig-java/android_common_apex36/javac/srcjars/android/permission/flags/FeatureFlags.java,221,5,221,25,
Landroid/permission/flags/FeatureFlags;->voiceActivationPermissionApis()Z,out/soong/.intermediates/frameworks/base/android.permission.flags-aconfig-java/android_common_apex36/javac/srcjars/android/permission/flags/FeatureFlags.java,225,5,225,25,
Landroid/permission/flags/FeatureFlags;->walletRoleCrossUserEnabled()Z,out/soong/.intermediates/frameworks/base/android.permission.flags-aconfig-java/android_common_apex36/javac/srcjars/android/permission/flags/FeatureFlags.java,229,5,229,25,
Landroid/permission/flags/FeatureFlags;->walletRoleEnabled()Z,out/soong/.intermediates/frameworks/base/android.permission.flags-aconfig-java/android_common_apex36/javac/srcjars/android/permission/flags/FeatureFlags.java,233,5,233,25,
Landroid/permission/flags/FeatureFlags;->walletRoleIconPropertyEnabled()Z,out/soong/.intermediates/frameworks/base/android.permission.flags-aconfig-java/android_common_apex36/javac/srcjars/android/permission/flags/FeatureFlags.java,237,5,237,25,
Landroid/permission/flags/FeatureFlagsImpl;->allowHostPermissionDialogsOnVirtualDevices()Z,out/soong/.intermediates/frameworks/base/android.permission.flags-aconfig-java/android_common_apex36/javac/srcjars/android/permission/flags/FeatureFlagsImpl.java,8,5,8,25,
Landroid/permission/flags/FeatureFlagsImpl;->appOpsServiceHandlerFix()Z,out/soong/.intermediates/frameworks/base/android.permission.flags-aconfig-java/android_common_apex36/javac/srcjars/android/permission/flags/FeatureFlagsImpl.java,15,5,15,25,
Landroid/permission/flags/FeatureFlagsImpl;->appopAccessTrackingLoggingEnabled()Z,out/soong/.intermediates/frameworks/base/android.permission.flags-aconfig-java/android_common_apex36/javac/srcjars/android/permission/flags/FeatureFlagsImpl.java,22,5,22,25,
Landroid/permission/flags/FeatureFlagsImpl;->appopModeCachingEnabled()Z,out/soong/.intermediates/frameworks/base/android.permission.flags-aconfig-java/android_common_apex36/javac/srcjars/android/permission/flags/FeatureFlagsImpl.java,29,5,29,25,
Landroid/permission/flags/FeatureFlagsImpl;->checkOpOverloadApiEnabled()Z,out/soong/.intermediates/frameworks/base/android.permission.flags-aconfig-java/android_common_apex36/javac/srcjars/android/permission/flags/FeatureFlagsImpl.java,36,5,36,25,
Landroid/permission/flags/FeatureFlagsImpl;->checkOpValidatePackage()Z,out/soong/.intermediates/frameworks/base/android.permission.flags-aconfig-java/android_common_apex36/javac/srcjars/android/permission/flags/FeatureFlagsImpl.java,43,5,43,25,
Landroid/permission/flags/FeatureFlagsImpl;->delayUidStateChangesFromCapabilityUpdates()Z,out/soong/.intermediates/frameworks/base/android.permission.flags-aconfig-java/android_common_apex36/javac/srcjars/android/permission/flags/FeatureFlagsImpl.java,50,5,50,25,
Landroid/permission/flags/FeatureFlagsImpl;->deviceAwareAppOpNewSchemaEnabled()Z,out/soong/.intermediates/frameworks/base/android.permission.flags-aconfig-java/android_common_apex36/javac/srcjars/android/permission/flags/FeatureFlagsImpl.java,57,5,57,25,
Landroid/permission/flags/FeatureFlagsImpl;->deviceAwarePermissionApisEnabled()Z,out/soong/.intermediates/frameworks/base/android.permission.flags-aconfig-java/android_common_apex36/javac/srcjars/android/permission/flags/FeatureFlagsImpl.java,64,5,64,25,
Landroid/permission/flags/FeatureFlagsImpl;->deviceAwarePermissionsEnabled()Z,out/soong/.intermediates/frameworks/base/android.permission.flags-aconfig-java/android_common_apex36/javac/srcjars/android/permission/flags/FeatureFlagsImpl.java,71,5,71,25,
Landroid/permission/flags/FeatureFlagsImpl;->deviceIdInOpProxyInfoEnabled()Z,out/soong/.intermediates/frameworks/base/android.permission.flags-aconfig-java/android_common_apex36/javac/srcjars/android/permission/flags/FeatureFlagsImpl.java,78,5,78,25,
Landroid/permission/flags/FeatureFlagsImpl;->devicePolicyManagementRoleSplitCreateManagedProfileEnabled()Z,out/soong/.intermediates/frameworks/base/android.permission.flags-aconfig-java/android_common_apex36/javac/srcjars/android/permission/flags/FeatureFlagsImpl.java,85,5,85,25,
Landroid/permission/flags/FeatureFlagsImpl;->dontRemoveExistingUidStates()Z,out/soong/.intermediates/frameworks/base/android.permission.flags-aconfig-java/android_common_apex36/javac/srcjars/android/permission/flags/FeatureFlagsImpl.java,92,5,92,25,
Landroid/permission/flags/FeatureFlagsImpl;->enableAiaiProxiedTextClassifiers()Z,out/soong/.intermediates/frameworks/base/android.permission.flags-aconfig-java/android_common_apex36/javac/srcjars/android/permission/flags/FeatureFlagsImpl.java,99,5,99,25,
Landroid/permission/flags/FeatureFlagsImpl;->enableOtpInTextClassifiers()Z,out/soong/.intermediates/frameworks/base/android.permission.flags-aconfig-java/android_common_apex36/javac/srcjars/android/permission/flags/FeatureFlagsImpl.java,106,5,106,25,
Landroid/permission/flags/FeatureFlagsImpl;->enableSqliteAppopsAccesses()Z,out/soong/.intermediates/frameworks/base/android.permission.flags-aconfig-java/android_common_apex36/javac/srcjars/android/permission/flags/FeatureFlagsImpl.java,113,5,113,25,
Landroid/permission/flags/FeatureFlagsImpl;->enhancedConfirmationInCallApisEnabled()Z,out/soong/.intermediates/frameworks/base/android.permission.flags-aconfig-java/android_common_apex36/javac/srcjars/android/permission/flags/FeatureFlagsImpl.java,120,5,120,25,
Landroid/permission/flags/FeatureFlagsImpl;->enhancedConfirmationModeApisEnabled()Z,out/soong/.intermediates/frameworks/base/android.permission.flags-aconfig-java/android_common_apex36/javac/srcjars/android/permission/flags/FeatureFlagsImpl.java,127,5,127,25,
Landroid/permission/flags/FeatureFlagsImpl;->factoryResetPrepPermissionApis()Z,out/soong/.intermediates/frameworks/base/android.permission.flags-aconfig-java/android_common_apex36/javac/srcjars/android/permission/flags/FeatureFlagsImpl.java,134,5,134,25,
Landroid/permission/flags/FeatureFlagsImpl;->finePowerMonitorPermission()Z,out/soong/.intermediates/frameworks/base/android.permission.flags-aconfig-java/android_common_apex36/javac/srcjars/android/permission/flags/FeatureFlagsImpl.java,141,5,141,25,
Landroid/permission/flags/FeatureFlagsImpl;->finishRunningOpsForKilledPackages()Z,out/soong/.intermediates/frameworks/base/android.permission.flags-aconfig-java/android_common_apex36/javac/srcjars/android/permission/flags/FeatureFlagsImpl.java,148,5,148,25,
Landroid/permission/flags/FeatureFlagsImpl;->getEmergencyRoleHolderApiEnabled()Z,out/soong/.intermediates/frameworks/base/android.permission.flags-aconfig-java/android_common_apex36/javac/srcjars/android/permission/flags/FeatureFlagsImpl.java,155,5,155,25,
Landroid/permission/flags/FeatureFlagsImpl;->healthConnectBackupRestorePermissionEnabled()Z,out/soong/.intermediates/frameworks/base/android.permission.flags-aconfig-java/android_common_apex36/javac/srcjars/android/permission/flags/FeatureFlagsImpl.java,162,5,162,25,
Landroid/permission/flags/FeatureFlagsImpl;->ignoreProcessText()Z,out/soong/.intermediates/frameworks/base/android.permission.flags-aconfig-java/android_common_apex36/javac/srcjars/android/permission/flags/FeatureFlagsImpl.java,169,5,169,25,
Landroid/permission/flags/FeatureFlagsImpl;->locationBypassPrivacyDashboardEnabled()Z,out/soong/.intermediates/frameworks/base/android.permission.flags-aconfig-java/android_common_apex36/javac/srcjars/android/permission/flags/FeatureFlagsImpl.java,176,5,176,25,
Landroid/permission/flags/FeatureFlagsImpl;->noteOpBatchingEnabled()Z,out/soong/.intermediates/frameworks/base/android.permission.flags-aconfig-java/android_common_apex36/javac/srcjars/android/permission/flags/FeatureFlagsImpl.java,183,5,183,25,
Landroid/permission/flags/FeatureFlagsImpl;->opEnableMobileDataByUser()Z,out/soong/.intermediates/frameworks/base/android.permission.flags-aconfig-java/android_common_apex36/javac/srcjars/android/permission/flags/FeatureFlagsImpl.java,190,5,190,25,
Landroid/permission/flags/FeatureFlagsImpl;->permissionRequestShortCircuitEnabled()Z,out/soong/.intermediates/frameworks/base/android.permission.flags-aconfig-java/android_common_apex36/javac/srcjars/android/permission/flags/FeatureFlagsImpl.java,197,5,197,25,
Landroid/permission/flags/FeatureFlagsImpl;->permissionTreeApisDeprecated()Z,out/soong/.intermediates/frameworks/base/android.permission.flags-aconfig-java/android_common_apex36/javac/srcjars/android/permission/flags/FeatureFlagsImpl.java,204,5,204,25,
Landroid/permission/flags/FeatureFlagsImpl;->rangingPermissionEnabled()Z,out/soong/.intermediates/frameworks/base/android.permission.flags-aconfig-java/android_common_apex36/javac/srcjars/android/permission/flags/FeatureFlagsImpl.java,211,5,211,25,
Landroid/permission/flags/FeatureFlagsImpl;->rateLimitBatchedNoteOpAsyncCallbacksEnabled()Z,out/soong/.intermediates/frameworks/base/android.permission.flags-aconfig-java/android_common_apex36/javac/srcjars/android/permission/flags/FeatureFlagsImpl.java,218,5,218,25,
Landroid/permission/flags/FeatureFlagsImpl;->replaceBodySensorPermissionEnabled()Z,out/soong/.intermediates/frameworks/base/android.permission.flags-aconfig-java/android_common_apex36/javac/srcjars/android/permission/flags/FeatureFlagsImpl.java,225,5,225,25,
Landroid/permission/flags/FeatureFlagsImpl;->retailDemoRoleEnabled()Z,out/soong/.intermediates/frameworks/base/android.permission.flags-aconfig-java/android_common_apex36/javac/srcjars/android/permission/flags/FeatureFlagsImpl.java,232,5,232,25,
Landroid/permission/flags/FeatureFlagsImpl;->runtimePermissionAppopsMappingEnabled()Z,out/soong/.intermediates/frameworks/base/android.permission.flags-aconfig-java/android_common_apex36/javac/srcjars/android/permission/flags/FeatureFlagsImpl.java,239,5,239,25,
Landroid/permission/flags/FeatureFlagsImpl;->sensitiveContentImprovements()Z,out/soong/.intermediates/frameworks/base/android.permission.flags-aconfig-java/android_common_apex36/javac/srcjars/android/permission/flags/FeatureFlagsImpl.java,246,5,246,25,
Landroid/permission/flags/FeatureFlagsImpl;->sensitiveContentMetricsBugfix()Z,out/soong/.intermediates/frameworks/base/android.permission.flags-aconfig-java/android_common_apex36/javac/srcjars/android/permission/flags/FeatureFlagsImpl.java,253,5,253,25,
Landroid/permission/flags/FeatureFlagsImpl;->sensitiveContentRecentsScreenshotBugfix()Z,out/soong/.intermediates/frameworks/base/android.permission.flags-aconfig-java/android_common_apex36/javac/srcjars/android/permission/flags/FeatureFlagsImpl.java,260,5,260,25,
Landroid/permission/flags/FeatureFlagsImpl;->sensitiveNotificationAppProtection()Z,out/soong/.intermediates/frameworks/base/android.permission.flags-aconfig-java/android_common_apex36/javac/srcjars/android/permission/flags/FeatureFlagsImpl.java,267,5,267,25,
Landroid/permission/flags/FeatureFlagsImpl;->serverSideAttributionRegistration()Z,out/soong/.intermediates/frameworks/base/android.permission.flags-aconfig-java/android_common_apex36/javac/srcjars/android/permission/flags/FeatureFlagsImpl.java,274,5,274,25,
Landroid/permission/flags/FeatureFlagsImpl;->setNextAttributionSource()Z,out/soong/.intermediates/frameworks/base/android.permission.flags-aconfig-java/android_common_apex36/javac/srcjars/android/permission/flags/FeatureFlagsImpl.java,281,5,281,25,
Landroid/permission/flags/FeatureFlagsImpl;->shouldRegisterAttributionSource()Z,out/soong/.intermediates/frameworks/base/android.permission.flags-aconfig-java/android_common_apex36/javac/srcjars/android/permission/flags/FeatureFlagsImpl.java,288,5,288,25,
Landroid/permission/flags/FeatureFlagsImpl;->signaturePermissionAllowlistEnabled()Z,out/soong/.intermediates/frameworks/base/android.permission.flags-aconfig-java/android_common_apex36/javac/srcjars/android/permission/flags/FeatureFlagsImpl.java,295,5,295,25,
Landroid/permission/flags/FeatureFlagsImpl;->sqliteDiscreteOpEventLoggingEnabled()Z,out/soong/.intermediates/frameworks/base/android.permission.flags-aconfig-java/android_common_apex36/javac/srcjars/android/permission/flags/FeatureFlagsImpl.java,302,5,302,25,
Landroid/permission/flags/FeatureFlagsImpl;->supervisionRolePermissionUpdateEnabled()Z,out/soong/.intermediates/frameworks/base/android.permission.flags-aconfig-java/android_common_apex36/javac/srcjars/android/permission/flags/FeatureFlagsImpl.java,309,5,309,25,
Landroid/permission/flags/FeatureFlagsImpl;->syncOnOpNotedApi()Z,out/soong/.intermediates/frameworks/base/android.permission.flags-aconfig-java/android_common_apex36/javac/srcjars/android/permission/flags/FeatureFlagsImpl.java,316,5,316,25,
Landroid/permission/flags/FeatureFlagsImpl;->systemSelectionToolbarEnabled()Z,out/soong/.intermediates/frameworks/base/android.permission.flags-aconfig-java/android_common_apex36/javac/srcjars/android/permission/flags/FeatureFlagsImpl.java,323,5,323,25,
Landroid/permission/flags/FeatureFlagsImpl;->systemServerRoleControllerEnabled()Z,out/soong/.intermediates/frameworks/base/android.permission.flags-aconfig-java/android_common_apex36/javac/srcjars/android/permission/flags/FeatureFlagsImpl.java,330,5,330,25,
Landroid/permission/flags/FeatureFlagsImpl;->systemVendorIntelligenceRoleEnabled()Z,out/soong/.intermediates/frameworks/base/android.permission.flags-aconfig-java/android_common_apex36/javac/srcjars/android/permission/flags/FeatureFlagsImpl.java,337,5,337,25,
Landroid/permission/flags/FeatureFlagsImpl;->textClassifierChoiceApiEnabled()Z,out/soong/.intermediates/frameworks/base/android.permission.flags-aconfig-java/android_common_apex36/javac/srcjars/android/permission/flags/FeatureFlagsImpl.java,344,5,344,25,
Landroid/permission/flags/FeatureFlagsImpl;->unknownCallPackageInstallBlockingEnabled()Z,out/soong/.intermediates/frameworks/base/android.permission.flags-aconfig-java/android_common_apex36/javac/srcjars/android/permission/flags/FeatureFlagsImpl.java,351,5,351,25,
Landroid/permission/flags/FeatureFlagsImpl;->updatableTextClassifierForOtpDetectionEnabled()Z,out/soong/.intermediates/frameworks/base/android.permission.flags-aconfig-java/android_common_apex36/javac/srcjars/android/permission/flags/FeatureFlagsImpl.java,358,5,358,25,
Landroid/permission/flags/FeatureFlagsImpl;->useFrozenAwareRemoteCallbackList()Z,out/soong/.intermediates/frameworks/base/android.permission.flags-aconfig-java/android_common_apex36/javac/srcjars/android/permission/flags/FeatureFlagsImpl.java,365,5,365,25,
Landroid/permission/flags/FeatureFlagsImpl;->useProfileLabelsForDefaultAppSectionTitles()Z,out/soong/.intermediates/frameworks/base/android.permission.flags-aconfig-java/android_common_apex36/javac/srcjars/android/permission/flags/FeatureFlagsImpl.java,372,5,372,25,
Landroid/permission/flags/FeatureFlagsImpl;->useSystemSelectionToolbarInSysui()Z,out/soong/.intermediates/frameworks/base/android.permission.flags-aconfig-java/android_common_apex36/javac/srcjars/android/permission/flags/FeatureFlagsImpl.java,379,5,379,25,
Landroid/permission/flags/FeatureFlagsImpl;->voiceActivationPermissionApis()Z,out/soong/.intermediates/frameworks/base/android.permission.flags-aconfig-java/android_common_apex36/javac/srcjars/android/permission/flags/FeatureFlagsImpl.java,386,5,386,25,
Landroid/permission/flags/FeatureFlagsImpl;->walletRoleCrossUserEnabled()Z,out/soong/.intermediates/frameworks/base/android.permission.flags-aconfig-java/android_common_apex36/javac/srcjars/android/permission/flags/FeatureFlagsImpl.java,393,5,393,25,
Landroid/permission/flags/FeatureFlagsImpl;->walletRoleEnabled()Z,out/soong/.intermediates/frameworks/base/android.permission.flags-aconfig-java/android_common_apex36/javac/srcjars/android/permission/flags/FeatureFlagsImpl.java,400,5,400,25,
Landroid/permission/flags/FeatureFlagsImpl;->walletRoleIconPropertyEnabled()Z,out/soong/.intermediates/frameworks/base/android.permission.flags-aconfig-java/android_common_apex36/javac/srcjars/android/permission/flags/FeatureFlagsImpl.java,407,5,407,25,
Landroid/permission/flags/Flags;->allowHostPermissionDialogsOnVirtualDevices()Z,out/soong/.intermediates/frameworks/base/android.permission.flags-aconfig-java/android_common_apex36/javac/srcjars/android/permission/flags/Flags.java,124,5,124,25,
Landroid/permission/flags/Flags;->appOpsServiceHandlerFix()Z,out/soong/.intermediates/frameworks/base/android.permission.flags-aconfig-java/android_common_apex36/javac/srcjars/android/permission/flags/Flags.java,130,5,130,25,
Landroid/permission/flags/Flags;->appopAccessTrackingLoggingEnabled()Z,out/soong/.intermediates/frameworks/base/android.permission.flags-aconfig-java/android_common_apex36/javac/srcjars/android/permission/flags/Flags.java,136,5,136,25,
Landroid/permission/flags/Flags;->appopModeCachingEnabled()Z,out/soong/.intermediates/frameworks/base/android.permission.flags-aconfig-java/android_common_apex36/javac/srcjars/android/permission/flags/Flags.java,142,5,142,25,
Landroid/permission/flags/Flags;->checkOpOverloadApiEnabled()Z,out/soong/.intermediates/frameworks/base/android.permission.flags-aconfig-java/android_common_apex36/javac/srcjars/android/permission/flags/Flags.java,148,5,148,25,
Landroid/permission/flags/Flags;->checkOpValidatePackage()Z,out/soong/.intermediates/frameworks/base/android.permission.flags-aconfig-java/android_common_apex36/javac/srcjars/android/permission/flags/Flags.java,154,5,154,25,
Landroid/permission/flags/Flags;->delayUidStateChangesFromCapabilityUpdates()Z,out/soong/.intermediates/frameworks/base/android.permission.flags-aconfig-java/android_common_apex36/javac/srcjars/android/permission/flags/Flags.java,160,5,160,25,
Landroid/permission/flags/Flags;->deviceAwareAppOpNewSchemaEnabled()Z,out/soong/.intermediates/frameworks/base/android.permission.flags-aconfig-java/android_common_apex36/javac/srcjars/android/permission/flags/Flags.java,166,5,166,25,
Landroid/permission/flags/Flags;->deviceAwarePermissionApisEnabled()Z,out/soong/.intermediates/frameworks/base/android.permission.flags-aconfig-java/android_common_apex36/javac/srcjars/android/permission/flags/Flags.java,172,5,172,25,
Landroid/permission/flags/Flags;->deviceAwarePermissionsEnabled()Z,out/soong/.intermediates/frameworks/base/android.permission.flags-aconfig-java/android_common_apex36/javac/srcjars/android/permission/flags/Flags.java,178,5,178,25,
Landroid/permission/flags/Flags;->deviceIdInOpProxyInfoEnabled()Z,out/soong/.intermediates/frameworks/base/android.permission.flags-aconfig-java/android_common_apex36/javac/srcjars/android/permission/flags/Flags.java,184,5,184,25,
Landroid/permission/flags/Flags;->devicePolicyManagementRoleSplitCreateManagedProfileEnabled()Z,out/soong/.intermediates/frameworks/base/android.permission.flags-aconfig-java/android_common_apex36/javac/srcjars/android/permission/flags/Flags.java,190,5,190,25,
Landroid/permission/flags/Flags;->dontRemoveExistingUidStates()Z,out/soong/.intermediates/frameworks/base/android.permission.flags-aconfig-java/android_common_apex36/javac/srcjars/android/permission/flags/Flags.java,196,5,196,25,
Landroid/permission/flags/Flags;->enableAiaiProxiedTextClassifiers()Z,out/soong/.intermediates/frameworks/base/android.permission.flags-aconfig-java/android_common_apex36/javac/srcjars/android/permission/flags/Flags.java,202,5,202,25,
Landroid/permission/flags/Flags;->enableOtpInTextClassifiers()Z,out/soong/.intermediates/frameworks/base/android.permission.flags-aconfig-java/android_common_apex36/javac/srcjars/android/permission/flags/Flags.java,208,5,208,25,
Landroid/permission/flags/Flags;->enableSqliteAppopsAccesses()Z,out/soong/.intermediates/frameworks/base/android.permission.flags-aconfig-java/android_common_apex36/javac/srcjars/android/permission/flags/Flags.java,214,5,214,25,
Landroid/permission/flags/Flags;->enhancedConfirmationInCallApisEnabled()Z,out/soong/.intermediates/frameworks/base/android.permission.flags-aconfig-java/android_common_apex36/javac/srcjars/android/permission/flags/Flags.java,220,5,220,25,
Landroid/permission/flags/Flags;->enhancedConfirmationModeApisEnabled()Z,out/soong/.intermediates/frameworks/base/android.permission.flags-aconfig-java/android_common_apex36/javac/srcjars/android/permission/flags/Flags.java,226,5,226,25,
Landroid/permission/flags/Flags;->factoryResetPrepPermissionApis()Z,out/soong/.intermediates/frameworks/base/android.permission.flags-aconfig-java/android_common_apex36/javac/srcjars/android/permission/flags/Flags.java,232,5,232,25,
Landroid/permission/flags/Flags;->finePowerMonitorPermission()Z,out/soong/.intermediates/frameworks/base/android.permission.flags-aconfig-java/android_common_apex36/javac/srcjars/android/permission/flags/Flags.java,238,5,238,25,
Landroid/permission/flags/Flags;->finishRunningOpsForKilledPackages()Z,out/soong/.intermediates/frameworks/base/android.permission.flags-aconfig-java/android_common_apex36/javac/srcjars/android/permission/flags/Flags.java,244,5,244,25,
Landroid/permission/flags/Flags;->getEmergencyRoleHolderApiEnabled()Z,out/soong/.intermediates/frameworks/base/android.permission.flags-aconfig-java/android_common_apex36/javac/srcjars/android/permission/flags/Flags.java,250,5,250,25,
Landroid/permission/flags/Flags;->healthConnectBackupRestorePermissionEnabled()Z,out/soong/.intermediates/frameworks/base/android.permission.flags-aconfig-java/android_common_apex36/javac/srcjars/android/permission/flags/Flags.java,256,5,256,25,
Landroid/permission/flags/Flags;->ignoreProcessText()Z,out/soong/.intermediates/frameworks/base/android.permission.flags-aconfig-java/android_common_apex36/javac/srcjars/android/permission/flags/Flags.java,262,5,262,25,
Landroid/permission/flags/Flags;->locationBypassPrivacyDashboardEnabled()Z,out/soong/.intermediates/frameworks/base/android.permission.flags-aconfig-java/android_common_apex36/javac/srcjars/android/permission/flags/Flags.java,268,5,268,25,
Landroid/permission/flags/Flags;->noteOpBatchingEnabled()Z,out/soong/.intermediates/frameworks/base/android.permission.flags-aconfig-java/android_common_apex36/javac/srcjars/android/permission/flags/Flags.java,274,5,274,25,
Landroid/permission/flags/Flags;->opEnableMobileDataByUser()Z,out/soong/.intermediates/frameworks/base/android.permission.flags-aconfig-java/android_common_apex36/javac/srcjars/android/permission/flags/Flags.java,280,5,280,25,
Landroid/permission/flags/Flags;->permissionRequestShortCircuitEnabled()Z,out/soong/.intermediates/frameworks/base/android.permission.flags-aconfig-java/android_common_apex36/javac/srcjars/android/permission/flags/Flags.java,286,5,286,25,
Landroid/permission/flags/Flags;->permissionTreeApisDeprecated()Z,out/soong/.intermediates/frameworks/base/android.permission.flags-aconfig-java/android_common_apex36/javac/srcjars/android/permission/flags/Flags.java,292,5,292,25,
Landroid/permission/flags/Flags;->rangingPermissionEnabled()Z,out/soong/.intermediates/frameworks/base/android.permission.flags-aconfig-java/android_common_apex36/javac/srcjars/android/permission/flags/Flags.java,298,5,298,25,
Landroid/permission/flags/Flags;->rateLimitBatchedNoteOpAsyncCallbacksEnabled()Z,out/soong/.intermediates/frameworks/base/android.permission.flags-aconfig-java/android_common_apex36/javac/srcjars/android/permission/flags/Flags.java,304,5,304,25,
Landroid/permission/flags/Flags;->replaceBodySensorPermissionEnabled()Z,out/soong/.intermediates/frameworks/base/android.permission.flags-aconfig-java/android_common_apex36/javac/srcjars/android/permission/flags/Flags.java,310,5,310,25,
Landroid/permission/flags/Flags;->retailDemoRoleEnabled()Z,out/soong/.intermediates/frameworks/base/android.permission.flags-aconfig-java/android_common_apex36/javac/srcjars/android/permission/flags/Flags.java,316,5,316,25,
Landroid/permission/flags/Flags;->runtimePermissionAppopsMappingEnabled()Z,out/soong/.intermediates/frameworks/base/android.permission.flags-aconfig-java/android_common_apex36/javac/srcjars/android/permission/flags/Flags.java,322,5,322,25,
Landroid/permission/flags/Flags;->sensitiveContentImprovements()Z,out/soong/.intermediates/frameworks/base/android.permission.flags-aconfig-java/android_common_apex36/javac/srcjars/android/permission/flags/Flags.java,328,5,328,25,
Landroid/permission/flags/Flags;->sensitiveContentMetricsBugfix()Z,out/soong/.intermediates/frameworks/base/android.permission.flags-aconfig-java/android_common_apex36/javac/srcjars/android/permission/flags/Flags.java,334,5,334,25,
Landroid/permission/flags/Flags;->sensitiveContentRecentsScreenshotBugfix()Z,out/soong/.intermediates/frameworks/base/android.permission.flags-aconfig-java/android_common_apex36/javac/srcjars/android/permission/flags/Flags.java,340,5,340,25,
Landroid/permission/flags/Flags;->sensitiveNotificationAppProtection()Z,out/soong/.intermediates/frameworks/base/android.permission.flags-aconfig-java/android_common_apex36/javac/srcjars/android/permission/flags/Flags.java,346,5,346,25,
Landroid/permission/flags/Flags;->serverSideAttributionRegistration()Z,out/soong/.intermediates/frameworks/base/android.permission.flags-aconfig-java/android_common_apex36/javac/srcjars/android/permission/flags/Flags.java,352,5,352,25,
Landroid/permission/flags/Flags;->setNextAttributionSource()Z,out/soong/.intermediates/frameworks/base/android.permission.flags-aconfig-java/android_common_apex36/javac/srcjars/android/permission/flags/Flags.java,358,5,358,25,
Landroid/permission/flags/Flags;->shouldRegisterAttributionSource()Z,out/soong/.intermediates/frameworks/base/android.permission.flags-aconfig-java/android_common_apex36/javac/srcjars/android/permission/flags/Flags.java,364,5,364,25,
Landroid/permission/flags/Flags;->signaturePermissionAllowlistEnabled()Z,out/soong/.intermediates/frameworks/base/android.permission.flags-aconfig-java/android_common_apex36/javac/srcjars/android/permission/flags/Flags.java,370,5,370,25,
Landroid/permission/flags/Flags;->sqliteDiscreteOpEventLoggingEnabled()Z,out/soong/.intermediates/frameworks/base/android.permission.flags-aconfig-java/android_common_apex36/javac/srcjars/android/permission/flags/Flags.java,376,5,376,25,
Landroid/permission/flags/Flags;->supervisionRolePermissionUpdateEnabled()Z,out/soong/.intermediates/frameworks/base/android.permission.flags-aconfig-java/android_common_apex36/javac/srcjars/android/permission/flags/Flags.java,382,5,382,25,
Landroid/permission/flags/Flags;->syncOnOpNotedApi()Z,out/soong/.intermediates/frameworks/base/android.permission.flags-aconfig-java/android_common_apex36/javac/srcjars/android/permission/flags/Flags.java,388,5,388,25,
Landroid/permission/flags/Flags;->systemSelectionToolbarEnabled()Z,out/soong/.intermediates/frameworks/base/android.permission.flags-aconfig-java/android_common_apex36/javac/srcjars/android/permission/flags/Flags.java,394,5,394,25,
Landroid/permission/flags/Flags;->systemServerRoleControllerEnabled()Z,out/soong/.intermediates/frameworks/base/android.permission.flags-aconfig-java/android_common_apex36/javac/srcjars/android/permission/flags/Flags.java,400,5,400,25,
Landroid/permission/flags/Flags;->systemVendorIntelligenceRoleEnabled()Z,out/soong/.intermediates/frameworks/base/android.permission.flags-aconfig-java/android_common_apex36/javac/srcjars/android/permission/flags/Flags.java,406,5,406,25,
Landroid/permission/flags/Flags;->textClassifierChoiceApiEnabled()Z,out/soong/.intermediates/frameworks/base/android.permission.flags-aconfig-java/android_common_apex36/javac/srcjars/android/permission/flags/Flags.java,412,5,412,25,
Landroid/permission/flags/Flags;->unknownCallPackageInstallBlockingEnabled()Z,out/soong/.intermediates/frameworks/base/android.permission.flags-aconfig-java/android_common_apex36/javac/srcjars/android/permission/flags/Flags.java,418,5,418,25,
Landroid/permission/flags/Flags;->updatableTextClassifierForOtpDetectionEnabled()Z,out/soong/.intermediates/frameworks/base/android.permission.flags-aconfig-java/android_common_apex36/javac/srcjars/android/permission/flags/Flags.java,424,5,424,25,
Landroid/permission/flags/Flags;->useFrozenAwareRemoteCallbackList()Z,out/soong/.intermediates/frameworks/base/android.permission.flags-aconfig-java/android_common_apex36/javac/srcjars/android/permission/flags/Flags.java,430,5,430,25,
Landroid/permission/flags/Flags;->useProfileLabelsForDefaultAppSectionTitles()Z,out/soong/.intermediates/frameworks/base/android.permission.flags-aconfig-java/android_common_apex36/javac/srcjars/android/permission/flags/Flags.java,436,5,436,25,
Landroid/permission/flags/Flags;->useSystemSelectionToolbarInSysui()Z,out/soong/.intermediates/frameworks/base/android.permission.flags-aconfig-java/android_common_apex36/javac/srcjars/android/permission/flags/Flags.java,442,5,442,25,
Landroid/permission/flags/Flags;->voiceActivationPermissionApis()Z,out/soong/.intermediates/frameworks/base/android.permission.flags-aconfig-java/android_common_apex36/javac/srcjars/android/permission/flags/Flags.java,448,5,448,25,
Landroid/permission/flags/Flags;->walletRoleCrossUserEnabled()Z,out/soong/.intermediates/frameworks/base/android.permission.flags-aconfig-java/android_common_apex36/javac/srcjars/android/permission/flags/Flags.java,454,5,454,25,
Landroid/permission/flags/Flags;->walletRoleEnabled()Z,out/soong/.intermediates/frameworks/base/android.permission.flags-aconfig-java/android_common_apex36/javac/srcjars/android/permission/flags/Flags.java,460,5,460,25,
Landroid/permission/flags/Flags;->walletRoleIconPropertyEnabled()Z,out/soong/.intermediates/frameworks/base/android.permission.flags-aconfig-java/android_common_apex36/javac/srcjars/android/permission/flags/Flags.java,466,5,466,25,
Lcom/android/nfc/module/flags/CustomFeatureFlags;->nfcHceLatencyEvents()Z,out/soong/.intermediates/packages/modules/Nfc/flags/com.android.nfc.module.flags-aconfig-java/android_common_apex36/javac/srcjars/com/android/nfc/module/flags/CustomFeatureFlags.java,21,5,21,25,
Lcom/android/nfc/module/flags/FeatureFlags;->nfcHceLatencyEvents()Z,out/soong/.intermediates/packages/modules/Nfc/flags/com.android.nfc.module.flags-aconfig-java/android_common_apex36/javac/srcjars/com/android/nfc/module/flags/FeatureFlags.java,9,5,9,25,
Lcom/android/nfc/module/flags/FeatureFlagsImpl;->nfcHceLatencyEvents()Z,out/soong/.intermediates/packages/modules/Nfc/flags/com.android.nfc.module.flags-aconfig-java/android_common_apex36/javac/srcjars/com/android/nfc/module/flags/FeatureFlagsImpl.java,8,5,8,25,
Lcom/android/nfc/module/flags/Flags;->nfcHceLatencyEvents()Z,out/soong/.intermediates/packages/modules/Nfc/flags/com.android.nfc.module.flags-aconfig-java/android_common_apex36/javac/srcjars/com/android/nfc/module/flags/Flags.java,10,5,10,25,
